S0100000546F705368656C664C75726368CC
S12380008200BE0982015CB982015CBA82015CBB82015CBC82015CED82015CEE82015CEF46
S123802082015CF082015CF182015CB882015CB882015CF282015CF382015CF482015CF525
S123804082015CF682015CF782015CF882015CF982015D6982015DB382015DB482015DE58D
S123806082015E1282015E4582015E7282015CB882015CB882015CB882015CB882015CB89D
S123808001020408010204080A10142800000064000000640000FFFF00010000030000039B
S12380A001001F1B001800001F000102010102010102010002000002000002000003010034
S12380C00200000100000101000900000901000902000101000200000F00000100001F1B2B
S12380E0000A030001000003000001010004000001000001004230423243304331433243DE
S12381003343344335433643374338433944304431443244334434443544364437443844D3
S12381203945304531453245334534453545364537453845392D2DB92AB8D9B6BCB49FB4FC
S12381404EB3FDB3C0B383B332B2E1B100B100B0AFB05EAE7DAC9CAC4BABFAAA19A838A7D4
S1238160E7A796A745A6F4A6A3A652A624A5F6A5A5A554A503A4B2A461A410A3BFA36EA39B
S123818031A2F4A2A3A252A224A1F6A1A5A154A135A116A0C5A074A0239FD29F819F309E7C
S12381A0DF9E8E9DF79D609D0F9CBE9C6D9C1C9BCB9B7A9B5B9B3C9AEB9A9A9A5D9A20990D
S12381C0CF997E995F995F990E98BD9871982597D497839764974596F496A396849665953A
S12381E0BF95BF956E951D94EF94EF949E944D935C935C930B92BA928C925E920D91BC9048
S1238200DF90028FB18F608F0F8EBE8E6D8E1C8DCB8D7A8D298CD88C9B8C5E8C0D8BBC8B36
S12382206B8B1A8AC98A788A2789D689B78998894788F688A588548835881687C587C58793
S1238240B0879B87868771875C875C87478732871D8708863F85768561854C853785228564
S12382600D84F884A784568365827402070307000C0111084D4C312028736D6F6B652064A0
S123828065746563746F72294D4C3220286578742E20616C61726D29202020204D4C332067
S12382A028434C4F53452F5245534554292020204D4C342028525741207377697463682907
S12382C02020202054656D7065726174757265202020202020202020506F77657220737557
S12382E070706C7920766F6C746167654261747465727920766F6C74616765202020202016
S12383004368617267696E672063757272656E74202020204578742E20766F6C7461676522
S123832020202020202020204D6F746F7220766F6C7461676520202020202020436F6E66B0
S12383406967757261626C6520696E7075742031436F6E666967757261626C6520696E70F5
S123836075742032004D4C31202852617563686D656C646572292020204D4C3220286578C7
S1238380742E20416C61726D29202020204D4C3320285A552F524553455429202020202043
S12383A0204D4C3420285257412D546173746572292020202054656D706572617475722008
S12383C02020202020202020204E65747A7465696C7370616E6E756E6720202020416B6B29
S12383E0757370616E6E756E672020202020202020416B6B756C6164657374726F6D202003
S123840020202020204578742E205370616E6E756E67202020202020204D6F746F7273701B
S1238420616E6E756E6720202020202020506172616D2E2045696E67616E67203120202028
S123844020506172616D2E2045696E67616E67203220202020005261696E2F57696E6420C3
S123846061637469766520202020416C61726D205257412073776974636820202020416C26
S123848061726D20736D6F6B65206465746563746F72416C61726D206578742E20616C6105
S12384A0726D2020202000526567656E2F57696E6420616B74697620202020416C61726DFB
S12384C0205257412D54617374657220202020416C61726D2052617563686D656C646572F5
S12384E0202020416C61726D206578742E20416C61726D202020200053797374656D2072E8
S123850065616479202020202020202000416E6C61676520696E20426572656974736368BC
S12385202E002D2D2D3C454E44204F46204C4953543E2D2D2D2D002D2D3C454E4445204456
S12385404552204C495354453E2D2D004E6F206661756C742070726573656E7420202020AD
S1238560004B65696E652053746F6572756E67202020202020004661756C7420626174740D
S123858065727920666C617420204661756C74206D6F746F72206C696E6520202020426148
S12385A07474657279206D697373696E67202F2046314661756C7420636861726765206376
S12385C074726C202020496E7465726E616C206572726F722020202020204661756C742082
S12385E052574120737769746368202020204661756C7420434C4F53452F524553455420F7
S123860020204661756C7420736D6F6B65206465746563746F724661756C74206578742EC6
S123862020616C61726D20202020506F776572206661696C75726520202020202020005341
S1238640746F6572756E6720416B6B75206C656572202053746F6572756E67204D6F746F48
S1238660726C696E696520416B6B75206665686C742F463120646566656B744C6164657273
S123868065676C657220646566656B74202020496E7465726E6572204665686C65722020D7
S12386A020202053746F6572756E67205257412D5461737465722053746F6572756E6720BE
S12386C05A552F524553455420202053746F6572756E672052617563686D656C646572539F
S12386E0746F6572756E67206578742E20416C61726D204E65747A61757366616C6C2020DD
S123870020202020202020002041636375206F7065726174696F6E20202020200020416B7C
S12387206B7562657472696562202020202020202000204D61696E73206F7065726174694C
S12387406F6E2020202000204E65747A6265747269656220202020202020200020416C61EC
S1238760726D202020202020202020202020202000204661756C742020202020202020201A
S1238780202020202000204665686C65722020202020202020202020202000205265616483
S12387A07920202020202020202020202020200020426572656974202020202020202020E1
S12387C020202020002047455A452054485A20205620202020202020202054485A31303077
S12387E02D2020202020202020202020202020202020202020202020202020202020202068
S1238800202020202020202020202020202020202020202020004765726D616E2F4465750D
S12388207473636820456E676C697368202020202020202000446575747363682F4765727B
S12388406D616E20456E676C6973682020202020202020004C616E67756167652F53707266
S1238860616368652020202020202020202020202020202020202020202020206375723ADF
S1238880202020202020202020202020202020206E65773A202020202020202020202020D0
S12388A02020202000537072616368652F4C616E67756167652020202020202020202020BB
S12388C020202020202020202020202020616B743A2020202020202020202020202020209A
S12388E0206E65753A2020202020202020202020202020202000536F6674776172652076F1
S1238900657273696F6E202020202047455A45202D2054485A202020202020202020205302
S1238920573A202020202020202020202020202020202048573A2020202020202020202069
S123894020202020202000536F6674776172652056657273696F6E202020202047455A4537
S1238960202D2054485A2020202020202020202053573A20202020202020202020202020CC
S12389802020202048573A202020202020202020202020202020200020202020202020207A
S12389A0202020202020204F4B202020202020202020202020200020202020202020202079
S12389C02020202020204175736675656872656E202020202000466163746F72792073654D
S12389E07474696E677320202020202020202020202020202020202020202020202020209A
S1238A00202020202020202020202020202020202020202020202020202020202020202052
S1238A20202020202020005765726B7365696E7374656C6C756E67656E2020202020202009
S1238A40202020202020202020202020202020202020202020202020202020202020202012
S1238A60202020202020202020202020202020202020202020202000546573742063686126
S1238A8072676520766F6C74616765202020202020202020202020202020202020202020E2
S1238AA02020202020202020202020202020202020202020202020202020202020202020B2
S1238AC020202020202020200054657374204C6164657370616E6E756E6720202020202032
S1238AE0202020202020202020202020202020202020202020202020202020202020202072
S1238B0020202020202020202020202020202020202020202020202020004669726D7761CB
S1238B207265207570646174652020202020202020202020202020202020202020202020D7
S1238B40202020202020202020202020202020202020202020202020202020202020202011
S1238B6020202020202020202020004669726D776172652055706461746520202020202031
S1238B802020202020202020202020202020202020202020202020202020202020202020D1
S1238BA02020202020202020202020202020202020202020202020202020200053657276B1
S1238BC069636520696E666F20202020202020202020202020202020202020202020202094
S1238BE0202020206375723A202020202020202020202020202020206E65773A2020202069
S1238C002020202020202020202020200053657276696365696E666F202020202020202053
S1238C20202020202020202020202020202020202020202020616B743A2020202020202036
S1238C402020202020202020206E65753A20202020202020202020202020202020004578B1
S1238C6070697265642F4F66662020202036206D6F6E7468732020202020202039206D6F0E
S1238C806E746873202020202020203132206D6F6E74687320202020202000416267656C7C
S1238CA0617566656E2F4175732036204D6F6E6174652020202020202039204D6F6E617437
S1238CC065202020202020203132204D6F6E617465202020202020004D61696E74656E6177
S1238CE06E6365496E74657276616C20202020202020202020202020202020202020202055
S1238D006375723A202020202020202020202020202020206E65773A202020202020202047
S1238D2020202020202020200057617274756E6773696E74657276616C6C20202020202043
S1238D402020202020202020202020202020202020616B743A202020202020202020202015
S1238D6020202020206E65753A202020202020202020202020202020200044656C6574657A
S1238D80206576656E74206D656D6F72792020202020202020202020202020202020202074
S1238DA02020202020202020202020202020202020202020202020202020202020202020AF
S1238DC0202020202020202020200045726569676E69737370656963686572202020206CDA
S1238DE06F65736368656E202020202020202020202020202020202020202020202020206A
S1238E00202020202020202020202020202020202020202020202020202020004576656E60
S1238E2074206D656D6F727920202020202020202020202020202020202020202020202001
S1238E40202020206375723A202020202020202020202020202020206E65773A2020202006
S1238E602020202020202020202020200045726569676E6973737065696368657220202085
S1238E80202020202020202020202020202020202020202020616B743A20202020202020D4
S1238EA02020202020202020206E65753A2020202020202020202020202020202000446563
S1238EC06C657465206572726F72206D656D6F727920202020202020202020202020202001
S1238EE020202020202020202020202020202020202020202020202020202020202020206E
S1238F002020202020202020202020202020004665686C6572737065696368657220202084
S1238F202020206C6F65736368656E202020202020202020202020202020202020202020DC
S1238F4020202020202020202020202020202020202020202020202020202020202020002D
S1238F604572726F72206D656D6F72792020202020202020202020202020202020202020AA
S1238F8020202020202020206375723A202020202020202020202020202020206E65773AC5
S1238FA020202020202020202020202020202020004665686C6572737065696368657220E4
S1238FC020202020202020202020202020202020202020202020202020616B743A20202093
S1238FE0202020202020202020202020206E65753A2020202020202020202020202020206B
S123900020004572726F72206D656D6F7279202020202020202044656C65746520657272AD
S12390206F72206D656D6F7279204576656E74206D656D6F7279202020202020202044650E
S12390406C657465206576656E74206D656D6F7279204D61696E74656E616E6365496E74B9
S1239060657276616C205365727669636520696E666F20202020202020204669726D7761AF
S12390807265207570646174652020202020546573742063686172676520766F6C746167DB
S12390A06520466163746F72792073657474696E677320202020536F66747761726520765D
S12390C0657273696F6E202020204C616E67756167652F537072616368652020202000469D
S12390E065686C657273706569636865722020202020204665686C6572732E206C6F65737F
S12391006368656E20202045726569676E6973737065696368657220202020457265696758
S12391206E6973732E206C6F65736368656E2057617274756E6773696E74657276616C6C83
S123914020202053657276696365696E666F2020202020202020204669726D7761726520B1
S1239160557064617465202020202054657374204C6164657370616E6E756E672020205791
S123918065726B7365696E7374656C6C756E67656E2020536F66747761726520566572734E
S12391A0696F6E20202020537072616368652F4C616E677561676520202020004D6F746FAD
S12391C0722072756E74696D65202020202020202020202020202020202020202020202015
S12391E0202020206375723A202020202020202020202020202020206E65773A2020202063
S1239200202020202020202020202020004D6F746F726C6175667A65697420202020202095
S1239220202020202020202020202020202020202020202020616B743A2020202020202030
S12392402020202020202020206E65753A20202020202020202020202020202020004C61BB
S1239260746368696E672066756E63742E576974686F75744C61746368696E67524D2072B0
S1239280656D6F74652072657365740053656C62737468616C7465666B742E6F686E6520B5
S12392A053656C62737468616C74524D204665726E727565636B732E2000424D5A20696E8F
S12392C0707574202020202020202020202020202020202020202020202020202020202091
S12392E020206375723A202020202020202020202020202020206E65773A20202020202062
S12393002020202020202020202000424D5A2D45696E67616E6720202020202020202020FA
S123932020202020202020202020202020202020202020616B743A2020202020202020202F
S1239340202020202020206E65753A20202020202020202020202020202020005363686128
S12393606C746B6F6E74616B742020202031206D2F732020202020202020202032206D2FFF
S1239380732020202020202020202033206D2F732020202020202020202034206D2F7320F1
S12393A020202020202020202035206D2F732020202020202020202036206D2F7320202020
S12393C02020202020202037206D2F732020202020202020202038206D2F732020202020FC
S12393E0202020202039206D2F732020202020202020203130206D2F7320202020202020D1
S123940020203132206D2F732020202020202020203134206D2F73202020202020202020A2
S12394203136206D2F732020202020202020203138206D2F73202020202020202020323058
S1239440206D2F7320202020202020200057696E64676573636877696E6469676B6569740E
S12394602020202020202020202020202020202020202020206375723A20202020202020E4
S12394802020202020202020206E65773A2020202020202020202020202020202000576964
S12394A06E64676573636877696E6469676B656974202020202020202020202020202020BD
S12394C0202020202020616B743A202020202020202020202020202020206E65753A20208C
S12394E0202020202020202020202020202000617573202020202020202020202020416E30
S12395006C616765203D204D6173746572416E6C616765203D20536C6176652000416E6CCA
S12395206167656E7665726B6E75657066756E67202020202020202020202020202020206C
S123954020202020206375723A202020202020202020202020202020206E65773A202020FF
S12395602020202020202020202020202000416E6C6167656E7665726B6E75657066756ED8
S123958067202020202020202020202020202020202020202020616B743A20202020202086
S12395A0202020202020202020206E65753A202020202020202020202020202020200020C5
S12395C020302025202020202020202020202031302025202020202020202020202032302A
S12395E0202520202020202020202020203330202520202020202020202020203430202511
S12396002020202020202020202020353020252020202020202020202020363020252020F1
S12396202020202020202020203730202520202020202020202020203830202520202020CD
S12396402020202020202039302025202020202020202020203130302025202020202020A2
S123966020202020004F66662020202020202020202020204F6E20202020202020202020CE
S12396802020200041757320202020202020202020202045696E2020202020202020202061
S12396A020200053686F727463697263756974206465746563742E2020202020202020207C
S12396C020202020202020202020206375723A202020202020202020202020202020206E34
S12396E065773A20202020202020202020202020202020004B75727A7363686C2E204572F5
S12397006B656E6E756E67202020202020202020202020202020202020202020616B743A35
S1239720202020202020202020202020202020206E65753A20202020202020202020202023
S123974020202020005265736574202B20636C6F736520204F6E6C792052657365742020BC
S12397602020200052657365742B7363686C6965732E204E75722052657365742020202046
S123978020200052657365746D6F646520202020202020202020202020202020202020205D
S12397A020202020202020202020206375723A202020202020202020202020202020206E53
S12397C065773A202020202020202020202020202020200052657365746D6F647573202004
S12397E020202020202020202020202020202020202020202020202020202020616B743A6B
S1239800202020202020202020202020202020206E65753A20202020202020202020202042
S1239820202020200049676E6F726520636F6E746163742041667465722031302073656346
S12398402E20204166746572203330207365632E20204166746572203630207365632E2037
S1239860204E6F742069676E6F726564202020200049676E6F722E204B6F6E74616B7420C2
S12398804E6163682031302073656B2E2020204E6163682033302073656B2E2020204E613B
S12398A063682036302073656B2E2020204E696368742069676E6F722E20202000496E6880
S12398C069626974696E672074696D6520202020202020202020202020202020202020204F
S12398E020202020206375723A202020202020202020202020202020206E65773A2020205C
S1239900202020202020202020202020200053706572727A656974202020202020202020BB
S123992020202020202020202020202020202020202020202020616B743A20202020202029
S1239940202020202020202020206E65753A20202020202020202020202020202020004EF3
S123996043202020202020202020202020204E4F2020202020202020202020202000436F11
S12399806E7461637420747970652020202020202020202020202020202020202020202007
S12399A02020202020206375723A202020202020202020202020202020206E65773A20209B
S12399C02020202020202020202020202020004B6F6E74616B7461727420202020202020C0
S12399E02020202020202020202020202020202020202020202020616B743A202020202069
S1239A0020202020202020202020206E65753A202020202020202020202020202020200060
S1239A204E6F742070726573656E74202020204F70656E2020202020202020202020436CAF
S1239A406F736520202020202020202020436C6F736520616E64204F70656E200041757337
S1239A602020202020202020202020204175662020202020202020202020205A7520202097
S1239A80202020202020202020205A7520756E6420417566202020202000496E686962691D
S1239AA0742E20446972656374696F6E2020202020202020202020202020202020202020BF
S1239AC020206375723A202020202020202020202020202020206E65773A2020202020207A
S1239AE020202020202020202020005370657272205269636874756E6720202020202020D2
S1239B0020202020202020202020202020202020202020616B743A20202020202020202047
S1239B20202020202020206E65753A20202020202020202020202020202020005374616E29
S1239B4064617264206D6F746F7220526574656E74696F6E4D61676E6574005374616E64E7
S1239B60617264204D6F746F7220486166746D61676E65742020202020004F70657261744F
S1239B80696E67206D6F6465202020202020202020202020202020202020202020202020BE
S1239BA020206375723A202020202020202020202020202020206E65773A20202020202099
S1239BC020202020202020202020004D6F746F7262657472696562736D6F64757320202058
S1239BE020202020202020202020202020202020202020616B743A20202020202020202067
S1239C00202020202020206E65753A2020202020202020202020202020202000496C6C7548
S1239C206D696E6174696F6E202020202020202020202020202020202020202020202020C1
S1239C40202020206375723A202020202020202020202020202020206E65773A20202020F8
S1239C602020202020202020202020200042656C6575636874756E672020202020202020EA
S1239C80202020202020202020202020202020202020202020616B743A20202020202020C6
S1239CA02020202020202020206E65753A2020202020202020202020202020202000496E47
S1239CC0742E2076656E74207377697463682020202020202020202020202020202020200F
S1239CE02020202020206375723A202020202020202020202020202020206E65773A202058
S1239D00202020202020202020202020202000496E7465722E4C75656674657274617374BC
S1239D206572202020202020202020202020202020202020202020616B743A20202020208E
S1239D4020202020202020202020206E65753A20202020202020202020202020202020001D
S1239D60416C61726D202020202020202020204661756C74202867656E2E292020205769BD
S1239D806E646F77204F50454E2020202054696D654C696D697420616C61726D54696D65EB
S1239DA044656C617920616C61726D42617474657279206661756C742020446574656374D3
S1239DC06F72206661756C74204D6F746F726C696E65206661756C74506F77657220666159
S1239DE0696C7572652020416C61726D526573657450756C736500416C61726D2020202098
S1239E0020202020202053746F6572756E672028616C6C672946656E737465722041554643
S1239E20202020207A656974626567722E20416C61726D7A6569747665727A2E20416C6128
S1239E40726D416B6B7573746F6572756E672020204D656C64656C2E53746F6572756E67E4
S1239E604D6F746F726C2E53746F6572756E674E65747A61757366616C6C20202020416C26
S1239E802E526573657420496D70756C73005369676E616C2072656C617920332020202085
S1239EA0202020202020202020202020202020202020202020206375723A2020202020209A
S1239EC0202020202020202020206E65773A20202020202020202020202020202020004D6D
S1239EE0656C646572656C6169732033202020202020202020202020202020202020202071
S1239F0020202020202020616B743A202020202020202020202020202020206E65753A2041
S1239F20202020202020202020202020202020005369676E616C2072656C61792032202010
S1239F402020202020202020202020202020202020202020202020206375723A20202020F9
S1239F602020202020202020202020206E65773A20202020202020202020202020202020D9
S1239F80004D656C646572656C6169732032202020202020202020202020202020202020C4
S1239FA0202020202020202020616B743A202020202020202020202020202020206E6575BB
S1239FC03A20202020202020202020202020202020005369676E616C2072656C6179203157
S1239FE020202020202020202020202020202020202020202020202020206375723A202059
S123A00020202020202020202020202020206E65773A202020202020202020202020202038
S123A0202020004D656C646572656C61697320312020202020202020202020202020202024
S123A0402020202020202020202020616B743A202020202020202020202020202020206EB4
S123A06065753A20202020202020202020202020202020005265696E69742E205664532DD5
S123A080323538312020202020202020202020202020202020202020202020206375723A68
S123A0A0202020202020202020202020202020206E65773A20202020202020202020202098
S123A0C020202020004E61636874616B74656E20205664532D3235383120202020202020D1
S123A0E020202020202020202020202020616B743A20202020202020202020202020202062
S123A100206E65753A20202020202020202020202020202020004F6E2020202020202020DC
S123A12020202020204F666620202020202020202020202000617573202020202020202097
S123A1402020202065696E20202020202020202020202000524D2072656D6F74652072657D
S123A160736574202020202020202020202020202020202020202020202020206375723AEB
S123A180202020202020202020202020202020206E65773A202020202020202020202020B7
S123A1A02020202000524D204665726E727565636B7365747A656E202020202020202020FE
S123A1C020202020202020202020202020616B743A20202020202020202020202020202081
S123A1E0206E65753A20202020202020202020202020202020004F6E6C7920646973706CDB
S123A20061792020204F70656E2077696E646F7720202020436C6F73652077696E646F7788
S123A220202020004E757220416E7A656967652020202046656E73746572206F6566666E1D
S123A240656E4673742E207363686C69657373656E004661756C7420696E7465726E616C02
S123A26020202020202020202020202020202020202020202020202020206375723A2020D6
S123A28020202020202020202020202020206E65773A2020202020202020202020202020B6
S123A2A020200053746F6572756E6720496E7465726E2020202020202020202020202020B3
S123A2C02020202020202020202020616B743A202020202020202020202020202020206E32
S123A2E065753A20202020202020202020202020202020004F66662C646973706C617920E9
S123A3006F66664F6E2C6F6E6C7920646973706C61794F6E2C6F70656E2077696E646F77EA
S123A320204F6E2C636C6F73652077696E646F77004175732C416E7A6569676520617573C1
S123A340416E2C206E757220416E7A65696765416E2C2046656E7374657220417566416E09
S123A3602C2046656E73746572205A75200042617474657279206D6F6E69746F72696E6766
S123A380202020202020202020202020202020202020202020206375723A202020202020B5
S123A3A0202020202020202020206E65773A20202020202020202020202020202020004194
S123A3C06B6B7520556562657277616368756E67202020202020202020202020202020202E
S123A3E020202020202020616B743A202020202020202020202020202020206E65753A205D
S123A400202020202020202020202020202020004661756C74206D61696E73206661696C68
S123A4207572652020202020202020202020202020202020202020206375723A2020202028
S123A4402020202020202020202020206E65773A20202020202020202020202020202020F4
S123A4600053746F6572756E67204E65747A61757366616C6C202020202020202020202078
S123A480202020202020202020616B743A202020202020202020202020202020206E6575D6
S123A4A03A20202020202020202020202020202020004661756C74206D6F746F72206C691C
S123A4C06E652020202020202020202020202020202020202020202020206375723A2020E1
S123A4E020202020202020202020202020206E65773A202020202020202020202020202054
S123A50020200053746F6572756E67204D6F746F726C696E6965202020202020202020201E
S123A5202020202020202020202020616B743A202020202020202020202020202020206ECF
S123A54065753A20202020202020202020202020202020004661756C74206D657373616747
S123A56065206C696E65202020202020202020202020202020202020202020206375723A66
S123A580202020202020202020202020202020206E65773A202020202020202020202020B3
S123A5A0202020200053746F6572756E67204D656C64656C696E69652020202020202020A8
S123A5C020202020202020202020202020616B743A2020202020202020202020202020207D
S123A5E0206E65753A202020202020202020202020202020200044656163746976617465BB
S123A60064202020204F70656E2077696E646F7720202020436C6F73652077696E646F77DA
S123A620202020006465616B746976696572742020202046656E73746572206F6566666E95
S123A640656E4673742E207363686C69657373656E00416C61726D20646972656374696F17
S123A6606E20424D5A2020202020202020202020202020202020202020206375723A2020FB
S123A68020202020202020202020202020206E65773A2020202020202020202020202020B2
S123A6A0202000416C61726D7269636874756E6720424D5A2020202020202020202020207C
S123A6C02020202020202020202020616B743A202020202020202020202020202020206E2E
S123A6E065753A2020202020202020202020202020202000416C61726D20646972656374BA
S123A700696F6E20524D202020202020202020202020202020202020202020206375723AEC
S123A720202020202020202020202020202020206E65773A20202020202020202020202011
S123A7402020202000416C61726D7269636874756E6720524D202020202020202020202005
S123A76020202020202020202020202020616B743A202020202020202020202020202020DB
S123A780206E65753A2020202020202020202020202020202000416C61726D206469726562
S123A7A063742E5377697463682020202020202020202020202020202020202020206375A6
S123A7C0723A202020202020202020202020202020206E65773A2020202020202020202005
S123A7E020202020202000416C61726D7269636874756E6720546173746572202020202011
S123A800202020202020202020202020202020616B743A202020202020202020202020203A
S123A8202020206E65753A20202020202020202020202020202020004F6666202020202077
S123A84020202020202020202031206D696E2020202020202020202032206D696E20202009
S123A8602020202020202033206D696E2020202020202020202034206D696E2020202020E5
S123A880202020202035206D696E2020202020202020202036206D696E20202020202020C1
S123A8A020202037206D696E2020202020202020202038206D696E2020202020202020209D
S123A8C02039206D696E2020202020202020203130206D696E20202020202020202031324F
S123A8E0206D696E2020202020202020203134206D696E2020202020202020203136206DF3
S123A900696E2020202020202020203138206D696E2020202020202020203230206D696E89
S123A9202020202020202020203235206D696E2020202020202020203330206D696E202001
S123A940202020202020203335206D696E2020202020202020203430206D696E20202020DF
S123A96020202020203435206D696E2020202020202020203530206D696E202020202020BD
S123A9802020203535206D696E2020202020202020203630206D696E20202020202020209B
S123A9A0313230206D696E2020202020202020313830206D696E2020202020202020323439
S123A9C030206D696E2020202020202020333030206D696E2020202020202020333630202F
S123A9E06D696E2020202020202020343830206D696E2020202020202020363030206D6983
S123AA006E2020202020202020373230206D696E20202020202020200061757320202020FE
S123AA202020202020202020202031206D696E2020202020202020202032206D696E202027
S123AA40202020202020202033206D696E2020202020202020202034206D696E2020202003
S123AA6020202020202035206D696E2020202020202020202036206D696E202020202020DF
S123AA802020202037206D696E2020202020202020202038206D696E2020202020202020BB
S123AAA0202039206D696E2020202020202020203130206D696E202020202020202020317F
S123AAC032206D696E2020202020202020203134206D696E2020202020202020203136204C
S123AAE06D696E2020202020202020203138206D696E2020202020202020203230206D69A9
S123AB006E2020202020202020203235206D696E2020202020202020203330206D696E20D1
S123AB2020202020202020203335206D696E2020202020202020203430206D696E202020FD
S123AB402020202020203435206D696E2020202020202020203530206D696E2020202020DB
S123AB60202020203535206D696E2020202020202020203630206D696E20202020202020B9
S123AB8020313230206D696E2020202020202020313830206D696E2020202020202020326B
S123ABA03430206D696E2020202020202020333030206D696E202020202020202033363039
S123ABC0206D696E2020202020202020343830206D696E2020202020202020363030206DEA
S123ABE0696E2020202020202020373230206D696E20202020202020200056656E74207050
S123AC006572696F64206C696D69742E202020202020202020202020202020202020202030
S123AC2020206375723A202020202020202020202020202020206E65773A20202020202008
S123AC4020202020202020202020004C75656674756E67737A656974626567722E20202009
S123AC6020202020202020202020202020202020202020616B743A202020202020202020D6
S123AC80202020202020206E65753A202020202020202020202020202020200044656163E1
S123ACA07469766174656420202020202031207320202020202020202020202032207320B6
S123ACC02020202020202020202020332073202020202020202020202020342073202020A3
S123ACE020202020202020202035207320202020202020202020202036207320202020207F
S123AD0020202020202020372073202020202020202020202020382073202020202020205A
S123AD2020202020203920732020202020202020202020313020732020202020202020202F
S123AD40202031322073202020202020202020202031342073202020202020202020202001
S123AD603136207320202020202020202020203138207320202020202020202020203230B7
S123AD8020732020202020202020202020323520732020202020202020202020333020736C
S123ADA020202020202020202020203335207320202020202020202020203430207320209D
S123ADC020202020202020202034352073202020202020202020202035302073202020207B
S123ADE0202020202020203535207320202020202020202020203630207320202020202059
S123AE0020202020313230207320202020202020202020313830207320202020202020201C
S123AE202020323430207320202020202020202020333030207320202020202020202020FF
S123AE403336302073202020202020202020203438302073202020202020202020203630AD
S123AE60302073202020202020202020203732302073202020202020202020200064656135
S123AE806B7469766965727420202020202031207320202020202020202020202032207373
S123AEA02020202020202020202020203320732020202020202020202020203420732020C1
S123AEC020202020202020202020352073202020202020202020202020362073202020209D
S123AEE0202020202020202037207320202020202020202020202038207320202020202079
S123AF0020202020202039207320202020202020202020203130207320202020202020204D
S123AF2020202031322073202020202020202020202031342073202020202020202020201F
S123AF402031362073202020202020202020202031382073202020202020202020202032E5
S123AF603020732020202020202020202020323520732020202020202020202020333020CD
S123AF80732020202020202020202020333520732020202020202020202020343020732068
S123AFA0202020202020202020203435207320202020202020202020203530207320202099
S123AFC0202020202020202035352073202020202020202020202036302073202020202077
S123AFE020202020203132302073202020202020202020203138302073202020202020203B
S123B00020202032343020732020202020202020202033303020732020202020202020201D
S123B0202033363020732020202020202020202034383020732020202020202020202036DB
S123B040303020732020202020202020202037323020732020202020202020202000417597
S123B060746F6D617469632073746570206374726C2020202020202020202020202020204A
S123B0802020202020206375723A202020202020202020202020202020206E65773A2020A4
S123B0A0202020202020202020202020202000536368726974746175746F6D6174696B20FC
S123B0C02020202020202020202020202020202020202020202020616B743A202020202072
S123B0E020202020202020202020206E65753A20202020202020202020202020202020006A
S123B100202030207320202020202020202020202031207320202020202020202020202064
S123B12032207320202020202020202020202033207320202020202020202020202034202C
S123B1407320202020202020202020202035207320202020202020202020202036207320C7
S123B1602020202020202020202020372073202020202020202020202020382073202020F6
S123B1802020202020202020203920732020202020202020202020313020732020202020CB
S123B1A020202020202031322073202020202020202020202031342073202020202020209D
S123B1C0202020203136207320202020202020202020203138207320202020202020202075
S123B1E020203230207320202020202020202020203235207320202020202020202020205C
S123B200333020732020202020202020202020333520732020202020202020202020343015
S123B2202073202020202020202020202034352073202020202020202020202035302073C3
S123B2402020202020202020202020353520732020202020202020202020363020732020F4
S123B2602020202020202020313230207320202020202020202020313830207320202020B8
S123B28020202020202032343020732020202020202020202033303020732020202020209B
S123B2A020202020333630207320202020202020202020343830207320202020202020206F
S123B2C0202036303020732020202020202020202037323020732020202020202020202055
S123B2E0004F50454E2072756E74696D652020202020202020202020202020202020202094
S123B3002020202020202020206375723A202020202020202020202020202020206E65773B
S123B3203A2020202020202020202020202020202000415546204C6175667A65697420204F
S123B3402020202020202020202020202020202020202020202020202020616B743A2020EF
S123B36020202020202020202020202020206E65753A2020202020202020202020202020C7
S123B3802020004E6F2066756E6374696F6E202020204C617463682E206F70706F7369745E
S123B3A0654C61746368696E672073616D652020446561642D6D616E2066756E63742E00AF
S123B3C06B65696E652046756E6B74696F6E2053656C627374682E20476567656E205365EE
S123B3E06C627374682E20476C65696368546F746D616E6E66756E6B74696F6E0056656E1A
S123B40074207377697463682066756E63742E202020202020202020202020202020202074
S123B42020202020206375723A202020202020202020202020202020206E65773A20202000
S123B44020202020202020202020202020004C756566746572746173746572666B742E204B
S123B46020202020202020202020202020202020202020202020616B743A202020202020CE
S123B480202020202020202020206E65753A20202020202020202020202020202020005690
S123B4A0656E74207377697463682066756E63742E20204F50454E2072756E74696D65206B
S123B4C0202020202020204175746F6D617469632073746570206374726C2056656E742053
S123B4E0706572696F64206C696D69742E2020416C61726D206469726563742E53776974BB
S123B500636820416C61726D20646972656374696F6E20524D2020416C61726D2064697223
S123B520656374696F6E20424D5A204661756C74206465746563746F72206C696E652046B8
S123B54061756C74206D6F746F72206C696E65202020204661756C74206D61696E732066DE
S123B56061696C7572652042617474657279206D6F6E69746F72696E6720204661756C74A8
S123B58020696E7465726E616C202020202020524D2072656D6F746520726573657420209C
S123B5A02020205265696E69742E205664532D32353831202020205369676E616C2072658F
S123B5C06C617920312020202020205369676E616C2072656C617920322020202020205310
S123B5E069676E616C2072656C61792033202020202020424D5A20696E7075742020202033
S123B600202020202020204D6F746F722072756E74696D6520202020202020496E742E20B8
S123B62076656E742073776974636820202020496C6C756D696E6174696F6E202020202082
S123B6402020204F7065726174696E67206D6F6465202020202020496E686962697420442D
S123B6606972656374696F6E202020496E686962697420636F6E746163742020202020494D
S123B6806E68696269742074696D6520202020202020205265736574206D6F646520202031
S123B6A02020202020202053686F7274636972637569742064657465632E20004C756566A4
S123B6C0746572746173746572666B742E2020204155462D4C6175667A65697420202020E8
S123B6E020202020536368726974746175746F6D6174696B202020204C75656674756E674C
S123B700737A656974626567722E2020416C61726D7269636874756E675461737465722004
S123B720416C61726D7269636874756E6720524D20202020416C61726D7269636874756E8B
S123B7406720424D5A20202053746F6572756E67204D656C64656C696E69652053746F65EB
S123B76072756E67204D6F746F726C696E69652053746F6572756E674E65747A6175736600
S123B780616C6C20416B6B7520556562657277616368756E6720202053746F6572756E6709
S123B7A020496E7465726E2020202020524D204665726E727565636B7365747A656E202018
S123B7C04E61636874616B74656E205664532D32353831204D656C64652D52656C616973A6
S123B7E020312020202020204D656C64652D52656C61697320322020202020204D656C642C
S123B800652D52656C6169732033202020202020424D5A2D45696E67616E672020202020B0
S123B820202020204D6F746F726C6175667A65697420202020202020496E7465722E4C753E
S123B84065667465727461737465722042656C6575636874756E6720202020202020202085
S123B8604D6F746F7262657472696562736D6F647573202053706572722052696368747560
S123B8806E672020202020205370657272204B6F6E74616B746172742020202053706572A6
S123B8A072205A6569742020202020202020202052657365746D6F6475732020202020202B
S123B8C0202020204B75727A7363686C2E2045726B656E6E756E672000506172616D6574A9
S123B8E065727320202020202020202020446961676E6F7374696373202020202020202042
S123B900202020202020202020202020202020202020202020202020202020202020202023
S123B92020202020202020202000506172616D657465722020202020202020202020446935
S123B94061676E6F7365202020202020202020202020202020202020202020202020202026
S123B96020202020202020202020202020202020202020202020202020200000010000037F
S123B98000000301001F1B001800001F00010201010201010201000200000200000200001C
S123B9A00301000200000100000101000900000901000902000101000200000F0000010048
S123B9C0001F1B000A03000100000300000101000400000100000100423042324330433143
S123B9E04332433343344335433643374338433944304431443244334434443544364437C3
S123BA004438443945304531453245334534453545364537453845392D2D313233343536DB
S123BA203738393A3B3C3D3E3F414243444546474A4B4C4D4E4F5C5D5E5F484951525354F7
S123BA4055565758595A5B003132333435363738393A3B3C3D3E3F414243444546474849C5
S123BA604A4B4C4D4E4F5C5D5E5F5152535455565758595A5B000148D9014A32014B6F0174
S123BA804B43014B91014BBD014BE9014C15014C41014C6D014C99014CC5014CF1014D1DAE
S123BAA0014D49014D75014DA1014DCD014DF9014E25014FF6015022014EA9014ED5014F3E
S123BAC001014F2D014F59014F85014FDF014FB1014FC801504E000000000000000000007F
S123BAE0000000000000000000000000000000000000000000000000000000000000000042
S123BB000148D9014A32014B6F014B43014B91014BBD014BE9014C15014C41014C6D014C26
S123BB2099014CC5014CF1014D1D014D49014D75014DA1014DCD014DF9014E25014FF60147
S123BB405022014E51014E7D014EA9014ED5014F01014F2D014F59014F85014FDF014FB16B
S123BB60014FC801504E00000000000000000000000000000000000000000000000000000A
S123BB8000000000000000000000000100000300000301001F1B001800001F000102010123
S123BBA0020101020100020000020000020000030100020000010000010100090000090158
S123BBC0000902000101000200000F00000100001F1B000A030001000003000001010004F1
S123BBE000000100000100423042324330433143324333433443354336433743384339446A
S123BC0030443144324433443444354436443744384439453045314532453345344535459D
S123BC20364537453845392D2D202020202020202020202020202020202020202020202019
S123BC402020202020202020202020202020202020202020202020202020202020202020E0
S123BC6020202020202020202020202020202020202020202020202020000001000003009C
S123BC80000301001F1B001800001F00010201010201010201000200000200000200000316
S123BCA001000200000100000101000900000901000902000101000200000F000001000048
S123BCC01F1B000A03000100000300000101000400000100000100423042324330433143FD
S123BCE03243334334433543364337433843394430443144324433443444354436443744BF
S123BD0038443945304531453245334534453545364537453845392D2D6E6F2020202020D4
S123BD202020202020202020796573202020202020202020202020004E65696E2020202024
S123BD40202020202020204A612020202020202020202020202000BD5F640100BE0900006C
S123BD600000000000000000050000000000000000000000000000000000000000000000BA
S123BD8000000000000000000000000000000000000000000000000100000000000000009E
S123BDA000000000000000000000000000000000000000000100000000000000000000007E
S123BDC000000000000000000000000000000000000000000000000000000000000000005F
S123BDE000000000BC29000100BD38BD19000000000000000000000000000000000000008E
S123BE00000000000000000000AE0FFF9490CEBD57AEBD59F62725A5602717BF04EE03BFA0
S123BE2007BE04EE0190F6F75C905C90B30726F5BE04909390EE031C000520D8AE000020CF
S123BE4002F75CA3000A26F9AE01AA2002F75CA305CB26F98D015AA220FE725F5400725FBF
S123BE605401725F5402725F5406725F540787897B09889F977B02958D00BF4C847B068D5D
S123BE8000BEAB7B08977B07958D00BF7A7B0B977B0A958D00BEBE7210540185874D2706A1
S123BEA0721A54002004721B54008788C65401A48FC75401C654011A01C754018487899E9C
S123BEC0A11F26209F4D270A725F5407725F54062078C65407AAFFC75407C65406AAFFC7D0
S123BEE0540620667B01A108242F0D0227167B015F97A6015D2704485A26FC43C45407C70C
S123BF00540720467B015F97A6015D2704485A26FCCA5407C7540720310D0227187B01A0F5
S123BF20085F97A6015D2704485A26FC43C45406C7540620157B01A0085F97A6015D27040C
S123BF40485A26FCCA5406C7540685878972175402C654021A06C754029EA1012606721217
S123BF605401200472135401C65400A4F0C75400C654001A02C75400858789C65402A4CF2C
S123BF80C754029F4D2706721C54022004721D5402C654021A01C7540285877210540187BC
S123BFA05205C65402A5082715C654056B03C654045F971F041E047B03021F042021C6543D
S123BFC0045F971F04C654056B031E044F021F017B0397A64042011A02011A01011F041E68
S123BFE0045B0587721F540087350150C0725F50C135E150C4725F50C5351850C635FF50C7
S123C000C735FF50CA725F50C8725F50C9C650C9A50126F9725F50C9725F50CB725F50CCCD
S123C020725F50CD87899EA51026330D0227177B01A40F5F97A6015D2704485A26FCCA50D3
S123C040C7C750C720497B01A40F5F97A6015D2704485A26FC43C450C7C750C720310D025A
S123C06027177B01A40F5F97A6015D2704485A26FCCA50CAC750CA20167B01A40F5F97A6A0
S123C080015D2704485A26FC43C450CAC750CA8587895204AE04911F03C650C36B017B0538
S123C0A0A1012639721250C50D0A2706721450C52004721550C57B06C750C420071E031D82
S123C0C000011F03C650C5A50127041E0326EE1E032706A6016B02201B0F0220170D0A2735
S123C0E006721450C52004721550C57B06C750C4A6016B020D0B260C7B01A1E12606721174
S123C10050C0201E0D0B260C7B01A1D22606721750C0200E0D0B260A7B01A1B426047211DB
S123C12050C17B025B068788C650C6A4E7C750C6C650C61A01C750C68487899F4D27199E87
S123C140A00C270AA0102624721450C5201E721450C82018201620147B01A00C270AA010E2
S123C160260A721550C52004721550C8858720FC20FA88A5802614C650C6A4E7C750C67B44
S123C18001A418CA50C6C750C62012C650C6A4F8C750C67B01A407CA50C6C750C684875259
S123C1A009C650C36B097B09A1E12644C650C6A4186B090409040904097B095F97D6808032
S123C1C06B097B09B7033F023F013F00961C00018D016116AE2400BF02AE00F4BF00961C8B
S123C1E000018D0160F2961C00058D016116201C7B09A1D2260CAEF4001F07AE00011F059E
S123C200200AAE24001F07AE00F41F05961C00058D0160E05B0987A10C2606721750C82028
S123C22004721750C5874D260A3556506235AE5062200835AE506435565064874D2606354F
S123C240FD505F200435F7505F87897B07A580271D7B07A5102706F61A06F720071E017B02
S123C2600643F4F71E01E6021A06E70220091E017B0643E402E7027B07A540270A1E01E6FE
S123C280031A06E70320091E017B0643E403E7037B07A520270A1E01E6041A06E7042009FB
S123C2A01E017B0643E404E704858789F61A06F78587897B0643F4F7858789F61806F785B9
S123C2C087E6018789E60114068587C750E087C750E187C750E28735AA50E08735CC50E08B
S123C2E087725F5250725F5251725F5252725F5253725F5254725F5256725F525C725F524F
S123C3005D35015258350152593501525A3501525B725F525C725F525D725F5258725F5299
S123C32059725F525A725F525B725F525E725F525F725F5260725F526135FF526235FF522D
S123C34063725F5265725F5266725F5267725F5268725F5269725F526A725F526B725F5286
S123C3606C725F526F35015257725F526E725F526D725F5264725F525587897B07C75262AF
S123C3807B08C752639EC752609FC75261C65250A48F1A06C752507B09C75264858789525E
S123C3A003C6525CA4F0C7525C7B0DA4086B037B0CA4026B027B09A4046B019FA4011A01C6
S123C3C01A021A03CA525CC7525CC65258A48F1A04C75258C6526FA4FCC7526F7B0FA40222
S123C3E06B037B0EA4011A03CA526FC7526F7B0AC752657B0BC752665B0587895203C65288
S123C4005CA40FC7525C7B0DA4806B037B0CA4206B027B09A4406B019FA4101A011A021A4A
S123C42003CA525CC7525CC65259A48F1A04C75259C6526FA4F3C7526F7B0FA4086B037B0F
S123C4400EA4041A03CA526FC7526F7B0AC752677B0BC752685B05878988C6525DA4CFC73F
S123C460525D7B09A4206B019FA4101A01CA525DC7525DC6525BA48F1A02C7525B0D0A2784
S123C4800AC6526FAADFC7526F2004721D526F7B07C7526B7B08C7526C5B03874D270672A3
S123C4A0105250200472115250874D2706721E526D2004721F526D879EC752659FC75266F8
S123C4C0879EC752679FC75268879EC7526B9FC7526C87725F5340725F5341725F5344729C
S123C4E05F534535FF5346725F5342879EC753459FC75346874D27067210534020047211CE
S123C500534087899F4D27099ECA5341C7534120097B0143C45341C75341858743C75342BB
S123C5208788C65230C65231725F5233725F5232725F5234725F5235725F5236725F52374A
S123C540725F5238725F5239725F523A8487520C72195234C652341A14C75234C65236A490
S123C560CFC75236C652361A15C75236C65234A4F9C75234C652341A16C75234725F523279
S123C580C65233A40FC75233C65233A4F0C75233961C00108D0160E0A6048D0160A4961CA4
S123C5A000018D0161168D00C19F961C00018D0160F2961C00098D016116961C00108D01E1
S123C5C060E0A6048D0160A4961C00018D0161168D00C19FA6648D016153961C00018D01A9
S123C5E060F2961C00058D016116961C00098D0160E0A6648D016153961C00018D0161169C
S123C600961C00058D0160E0961C00018D0160C8A6048D0160A4AE808C8D0160F2B603A4F5
S123C6200FCA5233C75233961C00098D0160E0A6048D016107B603A4F0B7033F023F013F5C
S123C64000B603CA5233C75233C652321A0CC75232C65235A4F3C75235C65236A4F8C75292
S123C660367B17A407CA5236C752367B18A5042706721652352004721752357B18A508278F
S123C68006721452352004721552357B17A580270672175236200A7B17A408CA5236C75289
S123C6A0365B0C8789899E6B019FA40F5F97A6015D2704485A26FC6B020D08272A7B01A10B
S123C6C001260AC652341A02C7523420457B01A102260AC652351A02C752352035C6523761
S123C6E01A02C75237202B7B01A101260B7B0243C45234C75234201A7B01A102260B7B02D2
S123C70043C45235C7523520097B0243C45237C752375B0487C6523187C75231878988A378
S123C720021026109FC452372706A6016B01202B0F0120271E02A301012611C6523515037E
S123C7402706A6016B0120130F01200FC6523015032706A6016B0120020F017B015B0387F0
S123C760A30255260635DF52302004721952378788C65240C65241725F5243725F524272C4
S123C7805F5244725F5245725F5246725F5247725F52498487520E72195244C652441A16E1
S123C7A0C75244C65246A4CFC75246C652461A17C75246C65244A4F9C75244C652441A1816
S123C7C0C75244725F5242C65243A40FC75243C65243A4F0C75243961C00128D0160E0A6A6
S123C7E0048D0160A4961C00018D0161168D00C19F961C00018D0160F2961C000B8D0161BB
S123C80016961C00128D0160E0A6048D0160A4961C00018D0161168D00C19FA6648D016192
S123C82053961C00018D0160F2961C00078D016116961C000B8D0160E0A6648D01615396E3
S123C8401C00018D016116961C00078D0160E0961C00018D0160C8A6048D0160A4AE8090C8
S123C8608D0160F2B603A40F6B05961C000B8D0160E0A6048D016107B603A4F0B7033F0285
S123C8803F013F00B6036B067B051A06C752437B0EC752427B19A50427067216524520045E
S123C8A0721752457B19A5082706721452452004721552455B0E8789899E6B019FA40F5FCA
S123C8C097A6015D2704485A26FC6B020D08273A7B01A101260AC652441A02C7524420663E
S123C8E07B01A102260AC652451A02C7524520567B01A103260AC652471A02C75247204607
S123C900C652491A02C75249203C7B01A101260B7B0243C45244C75244202B7B01A1022682
S123C9200B7B0243C45245C75245201A7B01A103260B7B0243C45247C7524720097B02437E
S123C940C45249C752495B0487C6524187C75241878988A3021026109FC452472706A6019F
S123C9606B0120390F0120351E02A301012611C6524515032706A6016B0120210F01201D4A
S123C9801E02A3030227071E02A303012614C6524915032706A6016B0120020F017B015BDA
S123C9A00387C6524015032706A6016B0120EE0F0120EA35000004AEC9ED8D00CD5E725FEB
S123C9C001008D00CEB9C601008D00CBD9E6028D00CEBE8D00CED38D00CEDA87CE0102A3E7
S123C9E0000126085FCF01028D00CD508789899E8D00CBD91F017B041E01E7021E01A60253
S123CA00E7051E016F0F7B084D27204A27374A274E1E01A600E70990AECC71EF0A1E01A61D
S123CA2000E70C90AECCACEF0D204C1E01A600E70990AECC71EF0A1E01A600E70C90AECCF6
S123CA40ACEF0D20321E01A600E70990AECCD9EF0A1E01A600E70C90AECD4DEF0D20181EE5
S123CA6001A600E70990AECD0AEF0A1E01A600E70C90AECD4DEF0D1E0C897B0D887B068D30
S123CA8000CC415B031E09897B058D00CC29855B04878989C601008D00CBD91F011E0116AB
S123CAA003FF1E01E602A103261C4B40AE500A8D00C2BA841E03A30136240B4B20AE500AC6
S123CAC08D00C2BA849D1E03891E03160390E609B70790EE0A90BF08928D0007855B048797
S123CAE0C601008D00CBD9909390EE0390A300012735725D0101271E725F01002004725C2C
S123CB000100C601008D00CBD9909390EE0390A3000126EA2037725C0100C60100A10C2571
S123CB202C725F01002026725C0100C60100A10C25098D00CB4EC701002012C601008D0048
S123CB40CBD9909390EE0390A3000126DA87C60101A10C2606725F01042021725C0104C67D
S123CB600104A10C2604725F0104C601048D00CBD9909390EE0390A3000127DFC6010487D3
S123CB80888D00CBD9897B038D00CBD9909390E60CB70790EE0D8590BF08928D00078487A5
S123CBA08D00CBD96D052605AE000120015F8788898D00CB801F011E01897B058D00CBD98B
S123CBC0909390E606B70790EE078590BF08928D00071F011E015B038797A620421C01AAE3
S123CBE0874B80AE500A8D00C2BA848D00CEDF8D00CA928D00CAE0C601008D00CBD99093D5
S123CC0090EE0390A3000126068D00CD502006AE0001CF010287888D00CBD9A602E7057B8F
S123CC20018D00CBD96F0F8487881E05A300012604725C01017B018D00CBD91605EF0384AE
S123CC4087887B071A061A0526127B018D00CBD9A600E70690AECC70EF0720127B018D00DD
S123CC60CBD97B05E7067B06E7077B07E70884878789E60F5F975872FB011606EF101E01B9
S123CC806C0F1E01E60FA10825201E016F0F1E01E605A10226081E01A601E705200C1E019E
S123CCA0E605A10126041E016F0585878952045F1F015F1F031E035872FB05EE1072FB01E4
S123CCC01F011E031C00011F039C1E03A300082FE41E015454545B06878952046D052708D2
S123CCE0160AEF106F05201F1E0A5454541F031E05EE105454541F011E05EE1072F00172E5
S123CD00FB03160590EF105B0687896D0527081606EF106F0520341E01909351EE101306C8
S123CD2051240E1E019093EE101C000190EF1020181E01909351EE10130651230E1E01906D
S123CD4093EE101D000190EF10858720FCEE1087C601008D00CBD9E6028D00CEE487893B7A
S123CD6000044B004B004B005F894B005F7B07B707160890BF08928D00075B064B004B0066
S123CD804B005F894B00AE01017B07B707160890BF08928D00075B064B004B004B005F895C
S123CDA04B00AE02027B07B707160890BF08928D00075B064B004B004B005F894B00AE0371
S123CDC0037B07B707160890BF08928D00075B06AECF28894B005F894B00AE04047B07B775
S123CDE007160890BF08928D00075B06AECEFD894B00AE0001894B00AE05057B07B707164E
S123CE000890BF08928D00075B06AECEFD894B00AE0001894B00AE06067B07B707160890B0
S123CE20BF08928D00075B06AECF12894B00AE0001894B00AE07077B07B707160890BF0849
S123CE40928D00075B06AECEFD894B005F894B00AE08087B07B707160890BF08928D00072E
S123CE605B06AECEFD894B005F894B00AE09097B07B707160890BF08928D00075B064B0086
S123CE804B004B005F894B00AE0A0B7B07B707160890BF08928D00075B064B004B004B00E5
S123CEA05F894B00AE0B0C7B07B707160890BF08928D00075B065B03878D00BE5A874B00DE
S123CEC04B004B084B004B004B705F978D00BE6F5B0687A6018D00BE9D878D00BF9B878DB6
S123CEE000BFA08788C65400A4F0C754007B01A40FCA5400C754008D00BF9B8487891E01F5
S123CF00A63B8D015E731F011E01541F011E015B028789A606080209014A26F91E01A6BCE4
S123CF20621F011E015B028789A606080209014A26F91E01A673621F011E011C006A1F0137
S123CF401E015B0287CE05BB2703CE05C7CE05B72724AE0001CF059BAE0001CF05BB5FCF19
S123CF6005B7AE0001CF05C9AE0001CF0599AE0001CF058B2009CE058B27045FCF058BCE3D
S123CF80059D2713AE00018D00F4C13505010935010105AC00D089725D01092708725A0166
S123CFA009AC00D0895F8D00F4C1725F0105CE05BF274ACE059126458D00DB61A300002683
S123CFC03C725D01082606725C0108204E7210057E72140107C6057DA501260C5FCF05BB27
S123CFE05FCF05BD721C0574CE05BB272E721D057472180574AE0001CF05BD201E725F01F8
S123D00008CE05BB2708721D05747211057ECE05BD27085FCF05BD7211057ECE05C3274B7C
S123D020CE058F26468D00DB65A30000263DCE058127307212057E72160107C6057DA5021A
S123D040260C5FCF05BB5FCF05C1721A0574CE05BB2736721B057472180574AE0001CF053C
S123D060C12026AE0001CF0581201E5FCF0581CE05BB2708721B05747213057ECE05C12729
S123D080085FCF05C17213057E8D00DB75A3000126098D00DB6DA3000027098D00DB79A3AC
S123D0A00000273DCE057F27307214057E72120107C6057DA504260C5FCF05BB5FCF05C5C1
S123D0C0721E0574CE05BB2736721F057472180574AE0001CF05C52026AE0001CF057F209B
S123D0E01E5FCF057FCE05BB2708721F05747215057ECE05C527085FCF05C57215057ECEF4
S123D10005C5260ECE05BD2609CE05C12604721905748788725D057E2604AC00D203C605B5
S123D1207EC8057D6B010D012604AC00D1FB7B01C5057E2604AC00D1EE5FCF059FC6057E93
S123D140A50127208D01075CA101260CAE0001CF05A35FCF05A12058AE0001CF05A15FCF55
S123D16005A3204CC6057EA50227208D010787A101260CAE0001CF05A35FCF05A12031AE77
S123D1800001CF05A15FCF05A32025C6057EA504271E8D010731A101260CAE0001CF05A303
S123D1A05FCF05A1200AAE0001CF05A15FCF05A3CE05B1261D5FCF0572725F0577725F05E4
S123D1C0768D0108B4A1012605AE000120015FCF05835FCF05BB5FCF05C75FCF059B5FCF54
S123D1E005AFAE0001CF05B18D00EE5D2006AE0001CF059F55057E057D2013AE0001CF0513
S123D2009F200BAE0001CF059F55057E057DCE059F272D5FCF059FCE059B27245FCF05B18F
S123D2205FCF059BAE0001CF05A15FCF05A3AE0001CF05955FCF05725FCF05C75FCF05AF89
S123D240848789CE05B127055F1F012005AE00011F018D00DB7DA3000027137216057472DE
S123D260100107CE058927125FCF0589200C721705745FCF05C75FCF05C98D00DB7DA30095
S123D280002745CE05C92640AE0001CF0589AE0001CF05C9CE05A5272F1E012727CE05A115
S123D2A0270CAE0001CF05A15FCF05A3200EAE0001CF05A15FCF05A35FCF0572AE0001CFF2
S123D2C005C720045FCF05C785875FCF05B1725F057E725F057D5FCF05BF5FCF05C38D0054
S123D2E0DB818D00DB865FCF05BBC60574A40FC705745FCF05C55FCF05BD5FCF05C15FCFB6
S123D30005C9AE0001CF059987CE0106875FCF010687C601058787CE03502604AC00D55B7F
S123D3208D00F396A300002715C60128A11E2406725C01282010AE0001CF01222008725F5B
S123D34001285FCF01228D00D3124D26368D00D860A3000026098D00D961A300002705AE59
S123D360000120015FCF01188D00D8A0A3000026098D00D99FA300002705AE000120015F66
S123D380CF011ACE011E26098D00D922A300002705AE000120015FCF011C8D00D8E1A30028
S123D3A00026098D00D9DEA300002705AE000120015FCF0120CE05B9271ACE034C271DC614
S123D3C00578A10A2406725C05782010AE0001CF011E2008725F05785FCF011E8D01083353
S123D3E04D260A5FCF01105FCF0112200E8D00DFF5CF01108D00E01DCF0112CE010A5D27F4
S123D400125A261E8D00E03FA3000027155FCF010A200F8D00E02EA300002706AE0001CF7C
S123D420010ACE010A260A5FCF010C35320349200C725D03492606AE0001CF010C8D00E07B
S123D4402EA30000270ACE01122605AE000120015FCF01148D00F39ECF01168D00D5A48D10
S123D46000D5C18D010A664D260C8D00D60C8D00D6788D00D6E48D00D55C8D00D59C8D00BB
S123D480D8588D00D8228D0107064D2731CE033427128D0107068D010BF5A63C8D015E73E9
S123D4A05CCF012BCE012BA3000126125FCF012BAE0001CF03325FCF03345FCF03308D01DA
S123D4C006DB4D2735CE0334270D8D0106DB8D010BF55C5CCF012DCE012DA3000126125F9C
S123D4E0CF012DAE0001CF03305FCF03325FCF0334CE033027045FCF012D8D00E3268D0007
S123D500CF458D00D113725D057E26045FCF05BB8D00D242CE034E2711CE05AB27065FCF47
S123D52005AB2006AE0001CF05AB8D00FFF58D00F8A0CE05A526045FCF012BCE0129270E14
S123D5405FCF01298D00D2CAAE0001CF059D8D00F39AA3000026045FCF059D8789CE012F61
S123D5602605CE012027175FCF012FCE012027065FCF01242006AE0001CF012485878D0020
S123D580DB011F01CE0124260C1E012708AE0001CF012F20E71E01CF012420E08D00F3BA16
S123D5A0CF012687898D00F39A1F01CE0131260A1E012706AE0001CF01291E01CF0131855E
S123D5C087898D00F392A3000026098D00DAC0A300002705AE000120015F1F01CE05B9265C
S123D5E0201E01271CAE0001CF05B7AE0001CF032A8D010889A101260CAE0001CF059D208D
S123D600045FCF05B71E01CF05B98587898D01063F4D26055F1F0120298D0109604D260852
S123D6208D00F3A61F01201A8D00F3B6A3000026098D00F3A6A300002705AE000120015F3A
S123D6401F01CE032E26141E0127105FCF05955FCF0597AE0001CF033420045FCF03341E29
S123D66001CF032E8D01063FA103260ACE032A26051E01CF03348587898D01063F4D2605D3
S123D6805F1F0120298D0109604D26088D00F3A21F01201A8D00F3B2A3000026098D00F34C
S123D6A0A2A300002705AE000120015F1F01CE032C26141E0127105FCF05955FCF0597AED9
S123D6C00001CF033220045FCF03321E01CF032C8D01063FA103260ACE032A26051E01CFE2
S123D6E003328587895F1F018D01063F4A27114A27734A2604AC00D7C25F1F01AC00D7FAEF
S123D7008D010A914D2736CE05A32609CE05A12604AC00D7FA8D00FFAFA300002705CE0397
S123D72032260E8D00FFB3A30000270ACE03342705AE000120015F1F01AC00D7FA8D00FFE3
S123D740AFA300002705CE0332260E8D00FFB3A30000270ACE03342705AE000120015F1F7E
S123D76001AC00D7FA8D010A914D2730CE05A32605CE05A127EB8D00FFAFA300002705CE5B
S123D7800334260E8D00FFB3A30000270ACE03322705AE000120015F1F01205E8D00FFAFD0
S123D7A0A300002705CE0334260E8D00FFB3A30000270ACE03322705AE000120015F1F01CC
S123D7C020388D00FFAFA30000270FCE032E260ACE05972605CE010A27188D00FFB3A3001B
S123D7E0002714CE032C260FCE0595260ACE010A2605AE000120015F1F01CE013326181E6F
S123D800012714AE0001CF03305FCF03345FCF03325FCF032A20045FCF03301E01CF01334D
S123D8208587898D00DA6E1F01CE01352708AE0001CF05C320045FCF05C3CE013527121E6C
S123D84001260E8D0109D9A1012606AE0001CF05B71E01CF013585878D00DA1DCF05BF8749
S123D86052044F8D00CB801F01A6088D00CB8058585858585890AE0313651F031E0390AE37
S123D88001A98D015F2654545454541F031E0113032305AE000120015F1F031E035B04874C
S123D8A05204A6018D00CB801F01A6088D00CB8058585858585890AE0313651F031E03904D
S123D8C0AE01A98D015F2654545454541F031E0113032305AE000120015F1F031E035B04E5
S123D8E0875204A6038D00CB801F01A6088D00CB8058585858585890AE0313651F031E0314
S123D90090AE01728D015F2654545454541F031E0113032305AE000120015F1F031E035B4F
S123D92004875204A6028D00CB801F01A6088D00CB8058585858585890AE0313651F031ED3
S123D9400358585858585854545454541F031E0113032405AE000120015F1F031E035B04BB
S123D9608752044F8D00CB801F01A6088D00CB8058585858585890AE0313651F031E03A647
S123D980128D015E7354545454541F031E0113032405AE000120015F1F031E035B04875244
S123D9A004A6018D00CB801F01A6088D00CB8058585858585890AE0313651F031E03A61276
S123D9C08D015E7354545454541F031E0113032405AE000120015F1F031E035B0487520412
S123D9E0A6038D00CB801F01A6088D00CB8058585858585890AE0313651F031E03585858E8
S123DA0058585854545454541F031E0113032405AE000120015F1F031E035B048752064FD7
S123DA208D00CB801F03A6088D00CB8058585858585890AE0313651F051E05A65A8D015E66
S123DA407354545454541F011E0590AE01A98D015F2654545454541F051E031301250B1E22
S123DA600313052205AE000120015F5B06875206A6018D00CB801F03A6088D00CB8058581A
S123DA805858585890AE0313651F051E05A65A8D015E7354545454541F011E0590AE01A9F4
S123DAA08D015F2654545454541F051E031301250B1E0313052205AE000120015F5B0687AB
S123DAC05204A6028D00CB801F01A6088D00CB8058585858585890AE0313651F031E03902A
S123DAE0AE01728D015F2654545454541F031E0113032305AE000120015F1F031E035B04FA
S123DB00875206A6038D00CB801F03A6088D00CB8058585858585890AE0313651F051E05E9
S123DB2058585858585854545454541F011E05A66E8D015E7354545454541F051E0313017A
S123DB40250B1E0313052205AE000120015F5B0687CE010A87CE010C87CE011087CE011211
S123DB6087CE011887CE011A87CE011C87CE012087CE012287CE012487CE012687CE011601
S123DB80875FCF0124875FCF012687CE033487CE033287CE033087CE012BA300022509CE0B
S123DBA0012B1D0001CF012BCE012DA300022509CE012D1D0001CF012D874B404B01AE50DA
S123DBC0288D00C24A8587AE50288D00C2C1A5012603CC601E87725F01394B00AE014089D0
S123DBE04B005F8D00C37A5B04AE0001CF0137350A014D878D010A66A10126198D00DB51EC
S123DC00A3000027108D00DB5DA300002607AE00018D00F4898D00DB51A300002704AC00A5
S123DC20DEC1CE01372604AC00DD4CC60155A10C241C8D015F47001C00200038004A005DE4
S123DC40006F008100AF00CB00D700E70102AC00DD42AC00DD4B5F8D00C4B8AE01408D0012
S123DC60C4C13514014C35020155AC00DD4B725D014C2704AC00DD4B35030155AC00DD4BA7
S123DC80AE00018D00F3E13505014C35040155AC00DD4B725D014C2704AC00DD4B35050130
S123DCA055AC00DD4BA6068D00CC16350A014C35060155AC00DD4BA6068D00CBA0A30000E4
S123DCC02712A6068D00CBAFCF0150350701555F8D00F3E1725D014C26715F8D00F3E172FD
S123DCE05F01552066CE013A8D00C4B8AE014072B0013C8D00C4C13514014C35080155202A
S123DD004A725D014C264435090155203EA6078D00CC163514014C350A0155202EA6078D6E
S123DD2000CBA0A300002704350B0155725D014C2619725F015520135FCF0137350A014D68
S123DD4020095F8D00F3E1350B015587725D014D260AAE0001CF013735010155A6068D00F1
S123DD60CBA0A300002716A6078D00CBA0A30000270BA6058D00CBA0A30000260187A6063A
S123DD808D00CBAFCF0148A6078D00CBAFCF014AA6058D00CBAFCF0146CE0148A371492432
S123DDA010CE0150A33E802508CE0146A34A38242A725F0139C601394D2604AC00DE7B4A49
S123DDC027764A2604AC00DE515FCF013A5FCF013CA6068D00CC16AC00DE89725D01392622
S123DDE014CE0150A33E81250C5FCF013E5FCF014035010139725D014E2614CE0142CF01D4
S123DE0044CE014A8D00DEC2CF01423514014ECE0142C30146240ECE013CA3000A24063566
S123DE200101392090CE01461C03E8C30142248535020139AC00DDB5CE014690AE01406580
S123DE4090CE014251655190CF013A5FCF013C2038AE0140CF013A725D014F262CCE015030
S123DE6089CE014689CE014889CE01428D00DF4E5B06CF013C3505014F200E5FCF013A5F1F
S123DE80CF013CA6068D00CC16CE0152A30001261E725D0139260AAE0140CF013A5FCF01ED
S123DEA03C725D015426085FCF0152725F0139CE013A8D00C4B8AE014072B0013C8D00C493
S123DEC0C187895206AE00C872F0071F03CE013E72FB03CF013E9CCE013EA383002E06AED8
S123DEE08300CF013E9CCE013EA37D012F06AE7D00CF013ECE013EA6028D01612E72FB0313
S123DF001C31381F01A6048D00CBAFA6288D015E731D2AA81F05AE6FB872F0051F051E05E4
S123DF20A371492505AE71481F051E05A366582405AE66581F051E011305230D1E051F01E4
S123DF40CE013E72F003CF013E1E015B0887895208131224041E121F091E10A664621F03F0
S123DF601E09A6646272F0031F071E0EA664621F031E09A6646272F0031F05CE014072FB2D
S123DF8005CF01409CCE0140A38AD02E06AE8AD0CF01409CCE0140A375312F06AE7530CF29
S123DFA00140CE014090AE00C88D015F081F031E05A6148D01612E1F011E07A6028D01611A
S123DFC02E72FB0172FB031F079C1E072E0CCE014072F005CF01405F1F079C1E07A3007928
S123DFE02F0ECE014072F005CF0140AE00781F071E075B0A878D00DB51A300002711A606BD
S123E0008D00CBAFA352082404AE0001875F87CE0150A352082404AE0001875F87A6068D1B
S123E02000CBAFA33E802404AE0001875F87A6058D00CBAFA34A382404AE0001875F87A6FC
S123E040058D00CBAFA352092504AE0001875F87AE0001CF0152350A01545FCF0137350A63
S123E060014D87725D014C2704725A014C725D014E2704725A014E725D014F2704725A01EC
S123E0804F87725D014D2704725A014D725D01542704725A0154878D00BFE9A6808D00C1A4
S123E0A0724F8D00C1274B004B00AE01B48D00C09185AE13018D00C025AE07018D00C0256E
S123E0C0AE04018D00C025AE02018D00C025AE03018D00C0258D00E249725F035E725F0312
S123E0E05D725F035C725F035B725F035A5FCF033F5FCF033D5FCF03505FCF034E5FCF0323
S123E1004C5FCF033B5FCF034A725F033A725F0339725F0338725F0337725F0336725F03B8
S123E12042725F03495FCF03525FCF0343AE0000CF0347AE0000CF0345878D00E262725CD3
S123E140035ECE03431C0001CF0343C6035EA10A255D725F035E8D00E279725C035D725CAA
S123E160035CC6035CA1052508725F035C8D00E28EC6035DA10A2537725F035D8D00E295B5
S123E180725C035BC6035BA10A2524725F035B8D00E2B2725C035AAE0345A6018D016081B0
S123E1A0C6035AA10A2508725F035A8D00E2D787C7034187C60341875FCF033D5FCF035053
S123E1C05FCF034E5FCF034C5FCF033B5FCF034ACE033F2773AE0001CF033D5FCF033F720E
S123E1E05C033AC6033AA102265EAE0001CF0350725F033A725C0337725C0339725C03385E
S123E200725C0336C60338A105260AAE0001CF034E725F0338C60339A10A260AAE0001CFE6
S123E220034C725F0339C60337A132260AAE0001CF033B725F0337C60336A164260AAE00D2
S123E24001CF034A725F0336878D00C4D3AE06F98D00C4ECAE01018D00C503A6018D00C401
S123E260F587CE035827035F2003AE0001CF03588D00F0998D00E06387725D034227047252
S123E2805A0342725D03412704725A034187AE0001CF033F878D00F3C2CE035627035F20AD
S123E2A003AE0001CF0356725D03492704725A034987AE0001CF0352CE035427035F2003F7
S123E2C0AE0001CF03548D00E0828D00DB978D0151D98D0111698787AE03458D0160E0875E
S123E2E052065F1F019BCE03471F05CE03451F039A961C00038D0160E0961C000A8D01606D
S123E300C8961C00038D016116961C000E8D0160E0961C00038D015F742205AE00011F01DD
S123E3201E015B068787895FCF01568D00DB55A300002710AE0001CF015672120158721270
S123E340015A2004721301588D00DB511F01CE016026261E0127228D0108084A27054A271B
S123E3600E2016AE0001CF05A35FCF05A1200A5FCF05A3AE0001CF05A11E01CF01605FCFBA
S123E380015E8D00F39AA30000270EAE0001CF058D725F0579202120E5CE058D271ACE0311
S123E3A04C2715C60579A1052406725C057920085FCF058D725F05798D00DB59A3000027AF
S123E3C0198D00DB5DA300002610AE0001CF0156721001597210015B2004721101598D0065
S123E3E0DB5DA300002710AE0001CF0156721401597214015B2004721501598D00DB59A307
S123E400000026098D00DB5DA300002705AE000120015F1F01CE015C26271E0127238D0177
S123E4200833A00227054A270E2016AE0001CF05A35FCF05A1200A5FCF05A3AE0001CF059D
S123E440A11E01CF015C8D00DB71A300002710AE0001CF0156721201597212015B200472F0
S123E4601301598D00DB711F01CE016226261E0127228D0107DD4A27054A270E2016AE0002
S123E48001CF05A35FCF05A1200A5FCF05A3AE0001CF05A11E01CF01628D00DB6DA300003F
S123E4A02710AE0001CF0156721A0159721A015B2004721B01598D00DB6D1F01CE016A261F
S123E4C0261E0127228D0107B24A27054A270E2016AE0001CF05A35FCF05A1200A5FCF05E1
S123E4E0A3AE0001CF05A11E01CF016A8D00DB65A30000271ACE058D2615CE059D2610AE58
S123E5000001CF0156721001587210015A2004721101588D00DB65A30000270FCE058D26EC
S123E5200ACE059D2605AE000120015F1F01CE016626261E0127228D0107B24A27054A27CC
S123E5400E2016AE0001CF05A35FCF05A1200A5FCF05A3AE0001CF05A11E01CF01668D0073
S123E560DB61A30000271ACE058D2615CE059D2610AE0001CF0156721E0159721E015B206B
S123E58004721F01598D00DB61A30000270FCE058D260ACE059D2605AE000120015F1F016C
S123E5A0CE016426261E0127228D0107B24A27054A270E2016AE0001CF05A35FCF05A120E4
S123E5C00A5FCF05A3AE0001CF05A11E01CF01648D00DB69A300002710AE0001CF015672EE
S123E5E01C0159721C015B2004721D01598D00DB691F01CE016826261E0127228D0107B287
S123E6004A27054A270E2016AE0001CF05A35FCF05A1200A5FCF05A3AE0001CF05A11E018E
S123E620CF01688D00DB61A30000270CAE0001CF0591725F057B201FCE0591271ACE034C99
S123E6402715C6057BA1052406725C057B20085FCF0591725F057B8D00DB65A30000270C36
S123E660AE0001CF058F725F057A201FCE058F271ACE034C2715C6057AA1052406725C0511
S123E6807A20085FCF058F725F057A8587CE015687CE015A875FCF015A87A6018D014015C0
S123E6A0AE0001CF0361874F8D0140155FCF036187CE03618752547B596B3B7B3BA0E1A1F1
S123E6C00F24228D015F470022002E0074015802AE02CA030E035203750447044703F904A0
S123E6E04704470439AC00EB0EA6016B3CA6016B3DAC00EB10A60B6B3C8D01042E6B3D8D11
S123E70001044F6B3E8D0104706B3F8D0104916B408D0104B26B418D0104D36B428D0104EA
S123E720F46B438D0105156B448D0105196B45A6026B46A6016B47AC00EB10A6026B3C0FC9
S123E7403D0F3E8D00F392A300012604A60120014F1A3D6B3D8D00F396A300012604A602A9
S123E76020014F1A3D6B3D8D00F39AA300012604A60420014F1A3D6B3D8D00F39EA3000163
S123E7802604A60820014F1A3D6B3D8D00F3A2A300012604A61020014F1A3D6B3D8D00F399
S123E7A0A6A300012604A60120014F1A3E6B3E8D00F3AAA300012604A60220014F1A3E6BF6
S123E7C03E8D00F3AEA300012604A60420014F1A3E6B3E8D00F3B2A300012604A608200111
S123E7E04F1A3E6B3E8D00F3B6A300012604A61020014F1A3E6B3E8D00F3BAA30001260492
S123E800A62020014F1A3E6B3E8D00F3BEA300012604A64020014F1A3E6B3EAC00EB10A60D
S123E820186B3C4F8D00CB804F01485901A47F5F6B3D4F8D00CB8001A47F5F6B3EA6018D4B
S123E84000CB804F01485901A47F5F6B3FA6018D00CB8001A47F5F6B40A6028D00CB804FCF
S123E86001485901A47F5F6B41A6028D00CB8001A47F5F6B42A6038D00CB804F01485901A0
S123E880A47F5F6B43A6038D00CB8001A47F5F6B44A6048D00CB804F01485901A47F5F6B30
S123E8A045A6048D00CB8001A47F5F6B46A6058D00CB804F01485901A47F5F6B47A6058D78
S123E8C000CB8001A47F5F6B48A6068D00CB804F01485901A47F5F6B49A6068D00CB800182
S123E8E0A47F5F6B4AA6078D00CB804F01485901A47F5F6B4BA6078D00CB8001A47F5F6BBB
S123E9004CA6088D00CB804F01485901A47F5F6B4DA6088D00CB8001A47F5F6B4EA6098DF7
S123E92000CB804F01485901A47F5F6B4FA6098D00CB8001A47F5F6B50A60A8D00CB804FBE
S123E94001485901A47F5F6B51A60A8D00CB8001A47F5F6B52A60B8D00CB804F014859018F
S123E960A47F5F6B53A60B8D00CB8001A47F5F6B54AC00EB10A6056B3CA6086B3DA6096B1F
S123E9803EA60A6B3FA60B6B40A60C6B41AC00EB10A60F6B3CA6016B3DA6026B3EA6036B6A
S123E9A03FA6046B40A6056B41A6066B42A6076B43A6086B44A6096B45A6086B46A6076B81
S123E9C047A6066B48A6056B49A6046B4AA6036B4BAC00EB10A60F6B3CA6036B3DA6046B07
S123E9E03EA6056B3FA6066B40A6076B41A6086B42A6096B43A6086B44A6076B45A6066B47
S123EA0046A6056B47A6046B48A6036B49A6026B4AA6016B4BAC00EB10961C0058BF04AEB9
S123EA20001D5A92D604885D26F88D00EB495B1DA6016B3C7B5B6B3DAC00EB10AE3E807B59
S123EA405B905F90978D015F08CF035F4B00CE035F894B005F8D00C37A5B04CE035F7B5C3D
S123EA608D015E73A664628D00C4CA7B5F4D27084A271E4A2734203ECE035F7B5D8D015ED0
S123EA8073A664628D00C4B8CE035F8D00C4C12025CE035F8D00C4B8CE035F7B5E8D015ED5
S123EAA073A664628D00C4C1200C5F8D00C4B8CE035F8D00C4C1A6016B3C7B5B6B3D20504F
S123EAC07B5B8D0104117B5C8D0104327B5D8D0104537B5E8D0104747B5F8D0104957B60A6
S123EAE08D0104B67B618D0104D77B628D0104F87B638D01051DA6016B3C7B5B6B3D201094
S123EB00A6016B3CA6016B3D8D00E6A720020F3C961C003D897B3E887B3E884B32961C00A4
S123EB2023898D010EED5B07AE00018D01435C961C001EBF04AE001D5A92D604885D26F837
S123EB408D01401D5B1D5B54877B07A5012705AE000120015F8D00F3E17B07A5022705AE31
S123EB60000120015F8D00F3FD7B07A5042705AE000120015F8D00F4197B07A5082705AE6A
S123EB80000120015F8D00F4357B07A5102705AE000120015F8D00F4517B07A5202705AEB5
S123EBA0000120015F8D00F46D7B07A5402705AE000120015F8D00F4897B08A5012705AE13
S123EBC0000120015F8D00F4A57B08A5022705AE000120015F8D00F4C17B08A5042705AEBD
S123EBE0000120015F8D00F4DD7B08A5082705AE000120015F8D00F5557B08A5102705AEBE
S123EC00000120015F8D00F5457B08A5202705AE000120015F8D00F5357B08A5402705AE0C
S123EC20000120015F8D00F5257B09A5012705AE000120015F8D00F5157B09A5022705AE87
S123EC40000120015F8D00F5657B09A5042705AE000120015F8D00F5757B09A5082705AEBE
S123EC60000120015F8D00F5857B09A5102705AE000120015F8D00F5957B09A5202705AE3A
S123EC80000120015F8D00F5A57B09A5402705AE000120015F8D00F5B57B0AA5012705AEC8
S123ECA0000120015F8D00F5C57B0AA5022705AE000120015F8D00F5D57B0AA5042705AEA2
S123ECC0000120015F8D00F5E57B0AA5082705AE000120015F8D00F5F57B0AA5102705AE30
S123ECE0000120015F8D00F6057B0AA5202705AE000120015F8D00F4F987520CAE03E81F4B
S123ED0005AE0BB81F07AE03FF1F09A60A8D00CB801F0B1E098D016192961C00018D01617F
S123ED20161E0B16078D016199961C00018D0160F2BE021F0B1E0B13052405AE0001200134
S123ED405F1F0B1E0B5B0C87898D00ECFA1F018D010B124D2702200C1E012605AE0001208D
S123ED60015F1F011E015B028752065F1F058D00ED9D961C00018D0161161E03891E03890E
S123ED80CE036589CE0363898D00E2E05B08A300002705AE00011F051E055B068752048DB1
S123EDA0010B3D4D27184A27214A272A4A27334A273CAE00001F03AE00001F01203AAE0056
S123EDC0001F03AE00001F01202EAE000A1F03AE00001F012022AE001E1F03AE00001F014B
S123EDE02016AE003C1F03AE00001F01200AAEFFFF1F03AEFFFF1F01961C00018D0160E0BA
S123EE005B048788895F1F01CE05A3270EA1012704A10326068D00ED481F01CE05A12712A1
S123EE207B03A10227067B03A10326068D00ED481F011E015B0387898D00EE031F011E0106
S123EE402716CE036927055F1F01200C8D00ED69A3000027035F1F011E015B02878D00E2BF
S123EE60D8AE03638D0161165FCF03698752035F1F028D010AE76B010D012717CE05B127C5
S123EE800A7B018D00EE371F0220087B018D00EE031F021E02CF03671E025B0387AE0001C5
S123EEA0CF036987AE0001CF03AC4B004B01AE50058D00C24A854B004B02AE50058D00C2BD
S123EEC04A854B004B04AE50058D00C24A854B004B08AE50058D00C24A854B004B10AE5041
S123EEE0058D00C24A854B004B20AE50058D00C24A854B004B40AE50058D00C24A854B00D2
S123EF004B80AE50058D00C24A854B004B40AE50148D00C24A854B004B80AE50148D00C284
S123EF204A854B004B08AE50198D00C24A854B004B10AE50198D00C24A854B404B08AE5074
S123EF40008D00C24A854B404B01AE500F8D00C24A854B404B02AE500F8D00C24A854B40FF
S123EF604B01AE50148D00C24A854B404B02AE50148D00C24A854B404B10AE50148D00C2C2
S123EF804A854B404B04AE50148D00C24A854B404B08AE50148D00C24A854B404B20AE5092
S123EFA0198D00C24A854B404B40AE50198D00C24A854B404B80AE50198D00C24A854B40B5
S123EFC04B01AE50288D00C24A854BE04B08AE500A8D00C24A854B08AE500A8D00C2AB8420
S123EFE04BE04B04AE500F8D00C24A854BE04B08AE500F8D00C24A854BE04B02AE501E8D9E
S123F00000C24A854BE04B04AE501E8D00C24A854BE04B08AE501E8D00C24A854BE04B1069
S123F020AE501E8D00C24A854BE04B20AE501E8D00C24A854BE04B40AE501E8D00C24A85D2
S123F0404BE04B80AE501E8D00C24A854BE04B10AE500F8D00C24A854BE04B01AE501E8DAB
S123F06000C24A854B01AE501E8D00C2AB844BE04B01AE50198D00C24A854B01AE50198D79
S123F08000C2AB844BE04B40AE50008D00C24A85725F03AE725F03AF87725D0393263072F0
S123F0A05F0387725F0388725F0389725F038A725F038B725F038C725F038D725F038E7258
S123F0C05F038F725F0390725F0391725F0392725C03934B08AE50008D00C2C45B014D2675
S123F0E004725C03874B01AE500F8D00C2C45B014D2604725C03884B02AE500F8D00C2C4AB
S123F1005B014D2604725C03894B01AE50148D00C2C45B014D2604725C038A4B02AE5014C0
S123F1208D00C2C45B014D2604725C038B4B04AE50148D00C2C45B014D2604725C038D4B99
S123F14008AE50148D00C2C45B014D2604725C038E4B10AE50148D00C2C45B014D26047287
S123F1605C038C4B20AE50198D00C2C45B014D2604725C038F4B40AE50198D00C2C45B01C7
S123F1804D2604725C03904B80AE50198D00C2C45B014D2604725C03914B01AE50288D006A
S123F1A0C2C45B014D2604725C0392C60393A1192404AC00F2CE725F0393C60387A119264E
S123F1C006AE0001CF0394725D038726045FCF0394C60388A1192606AE0001CF0396725DAB
S123F1E0038826045FCF0396C60389A1192606AE0001CF0398725D038926045FCF0398C62A
S123F200038AA1192606AE0001CF039A725D038A26045FCF039AC6038BA1192606AE000122
S123F220CF039C725D038B26045FCF039CC6038CA1192606AE0001CF039E725D038C260426
S123F2405FCF039EC6038DA1192606AE0001CF03A0725D038D26045FCF03A0C6038EA11913
S123F2602606AE0001CF03A2725D038E26045FCF03A2C6038FA1192606AE0001CF03A47209
S123F2805D038F26045FCF03A4C60390A1192606AE0001CF03A6725D039026045FCF03A6B3
S123F2A0C60391A1192606AE0001CF03A8725D039126045FCF03A8C60392A1192606AE008C
S123F2C001CF03AA725D039226045FCF03AA878D00F2D88D00F32187CE0394CF0383CE03B3
S123F2E096CF0381CE0398CF037FCE039ACF037DCE039CCF037BCE039ECF0379CE03A0CFF9
S123F3000377CE03A2CF0375CE03A4CF0373CE03A6CF0371CE03A8CF036FCE03AACF036DCD
S123F320875205A6026B03AE03B01F040D0526020A040A051E04F66B02A6086B014B01AE61
S123F340501E8D00C2B2847B02A580270A4B01AE501E8D00C2AB8408024B01AE50198D0003
S123F360C2B2849D9D4B01AE50198D00C2AB840A010D0126C80A0326B34B40AE50008D0073
S123F380C2B2849D9D4B40AE50008D00C2AB845B0587CE038387CE038187CE037F87CE03ED
S123F3A07D87CE037B87CE037987CE037787CE037587CE037387CE037187CE036F87CE03D9
S123F3C06D875FCF03ACCE036B1C0001CF036BCE016EA300012609CE016C1C0001CF016C1E
S123F3E087A30001260C4B08AE500A8D00C2B284200A4B08AE500A8D00C2AB8487A300019E
S123F400260C4B04AE500F8D00C2AB84200A4B04AE500F8D00C2B28487A30001260C4B0821
S123F420AE500F8D00C2AB84200A4B08AE500F8D00C2B28487A30001260C4B02AE501E8DDB
S123F44000C2AB84200A4B02AE501E8D00C2B28487A30001260C4B04AE501E8D00C2AB8459
S123F460200A4B04AE501E8D00C2B28487A30001260C4B08AE501E8D00C2AB84200A4B08A7
S123F480AE501E8D00C2B28487A30001260C4B10AE501E8D00C2AB84200A4B10AE501E8D47
S123F4A000C2B28487A30001260C4B20AE501E8D00C2AB84200A4B20AE501E8D00C2B284B8
S123F4C087A30001260C4B40AE501E8D00C2B284200A4B40AE501E8D00C2AB8487A3000125
S123F4E0260C4B80AE501E8D00C2B284200A4B80AE501E8D00C2AB8487A30001260C4B1023
S123F500AE500F8D00C2AB84200A4B10AE500F8D00C2B28487A300012606721003AE200497
S123F520721103AE87A300012606721203AE2004721303AE87A300012606721403AE2004FB
S123F540721503AE87A300012606721603AE2004721703AE87A300012606721803AE2004CB
S123F560721903AE87A300012606721A03AE2004721B03AE87A300012606721C03AE20049B
S123F580721D03AE87A300012606721E03AE2004721F03AE87A300012606721003AF20047A
S123F5A0721103AF87A300012606721203AF2004721303AF87A300012606721403AF200477
S123F5C0721503AF87A300012606721603AF2004721703AF87A300012606721803AF200447
S123F5E0721903AF87A300012606721A03AF2004721B03AF87A300012606721E03AF200415
S123F600721F03AF87A300012606721C03AF2004721D03AF87725F03B6725F03B5725F0339
S123F620B4725F03B3725F0487725F0486350103B287899F4D270A9FC704879EC703B5208E
S123F640057B01C703B68D00DB55A30000270D8D00F3AAA300012704725F03B68587887288
S123F6605D04872607C603B66B012005C603B56B01725D04862704AC00F8347B01A4F0A06B
S123F680102738A010273EA0102753A0102604AC00F715A0102604AC00F774A0102604ACAF
S123F6A000F7F1A0102604AC00F808A0102604AC00F81F5FCF03B0AC00F834AE0001CF0301
S123F6C0B0AC00F834CE03B027065FCF03B02006AE0001CF03B035320486AC00F834C60326
S123F6E0B34D270B4A271A725F03B3AC00F834AE0001CF03B0350103B3350A0486AC00F860
S123F700345FCF03B0725F03B335640486AC00F834AC00F834C603B34D27114A27204A2773
S123F7202D4A273C725F03B3AC00F834AE0001CF03B0350103B3350A0486AC00F8345FCFA0
S123F74003B0350203B335140486AC00F834AE0001CF03B0350303B3350A0486AC00F8349A
S123F7605FCF03B0725F03B335640486AC00F834AC00F834C603B34D27174A27264A273308
S123F7804A27404A274B4A2758725F03B3AC00F834AE0001CF03B0350103B3350A0486AC3E
S123F7A000F8345FCF03B0350203B335140486AC00F834AE0001CF03B0350303B3350A043E
S123F7C08620715FCF03B0350403B3351404862063AE0001CF03B0350503B3350A048620DE
S123F7E0535FCF03B0725F03B33564048620452043CE03B027065FCF03B02006AE0001CF2C
S123F80003B035190486202CCE03B027065FCF03B02006AE0001CF03B0350A04862015CE5B
S123F82003B027065FCF03B02006AE0001CF03B0350504867B01A40F6B01CE03B027067B24
S123F84001AA106B01C603B4A4E01A016B017B01A5012705AE000120015F8D00F5557B0125
S123F860A5022705AE000120015F8D00F5457B01A5042705AE000120015F8D00F5357B0108
S123F880A5082705AE000120015F8D00F5257B01A5102705AE000120015F8D00F515848787
S123F8A0CE05A32604AC00FA518D00DB8FA30000273ECE05B126395FCF05C95FCF05A3AE4B
S123F8C00001CF05A5AE0001CF05A78D00DB51A3000027068D00FFCD20048D00FFB78D00AA
S123F8E0FFECAE0001CF05A15FCF0572AC00FC6B8D00DB93A30000273CCE05B126375FCF2D
S123F90005C95FCF05A35FCF05AD5FCF0572AE0001CF05A5AE0001CF05A78D00DB51A3000C
S123F9200027068D00FFCD20048D00FFB78D00FFECAC00FC6B8D00EE6DA300002704AC00E9
S123F940FA49CE05B127048D00EE9D8D00DB8BA3000027045FCF05C9CE034E2604AC00FCEB
S123F9606B8D010675C305722204AC00FA01AE0001CF05A7AE0001CF05A58D0106755AC390
S123F98005722409CE05B127045FCF05728D00DB51A300002719CE0572260A8D00FFCD8D74
S123F9A000FFEC20468D00FFCD8D00FFD6203C8D0106755AC30572240E5FCF05AD8D00FFA0
S123F9C0B78D00FFD62024AE0001CF05ADCE05AB27068D00FFB720048D00FFCDCE057226C0
S123F9E0068D00FFEC20048D00FFD6CE05B127048D00FF4CCE05721C0001CF0572AC00FC28
S123FA006B8D00DB51A30000270A8D00FFCD8D00FFEC20158D00FFB78D010A914D27068D71
S123FA2000FFD620048D00FFEC5FCF05A35FCF05AD5FCF0572AE0001CF05A5AE0001CF054B
S123FA40AF5FCF0597AC00FC6B8D00FFECAC00FC6BCE05A12604AC00FC398D00DB8BA30076
S123FA6000274C8D00DB51A300002643CE05B1263ECE05C726395FCF05C95FCF05A1AE00EB
S123FA8001CF05A5AE0001CF05A78D00DB51A3000027068D00FFCD20048D00FFB78D00FFE9
S123FAA0ECAE0001CF05A35FCF0572AC00FC6B8D00DB93A30000273BCE05B12636CE05C7FE
S123FAC026315FCF05C95FCF05A15FCF05AD5FCF05AFAE0001CF05A78D00DB51A30000278C
S123FAE0068D00FFCD20048D00FFB78D00FFECAC00FC6B8D00EE6DA300002704AC00FC3320
S123FB00CE05B127048D00EE9D8D00DB8FA300002709CE05C726045FCF05C9CE034E260447
S123FB20AC00FC6B8D010675C305722204AC00FBE88D0106755AC30572240D5FCF05A7CE40
S123FB4005B127045FCF05728D00DB51A3000027158D00FFCDCE057226068D00FFEC207DA4
S123FB608D00FFE120778D0106755AC30572240E8D00FFC28D00FFE15FCF05AD205FCE05C1
S123FB80AB27068D00FFC220048D00FFCDCE0572260C8D00FFECAE0001CF05AD203FCE056D
S123FBA09527308D010ABC4D271D5FCF05955FCF05725FCF05A15FCF05AD8D00FFB7AE005E
S123FBC0018D00F46D20168D00FFE1AE0001CF05AD200A8D00FFE1AE0001CF05ADCE05B114
S123FBE027428D00FF4C203C5FCF05A78D00DB55A30000270A8D00FFCD8D00FFEC20158D66
S123FC0000FFC28D010A914D27068D00FFE120048D00FFEC5FCF05A15FCF05AD5FCF05A5E7
S123FC205FCF05955FCF05AFCE05721C0001CF057220388D00FFEC2032CE05B1260ECE05C1
S123FC40C726098D00DB7DA3000027358D00DB8BA3000026128D00DB8FA3000026098D00A2
S123FC60DB93A3000027045FCF05C9CE05A32704AC00FD1BCE05A12604AC00FD34AC00FDBF
S123FC801B8D00DB8BA3000027438D00DB51A30000263A5FCF05C9CE05AF27198D00DB5112
S123FCA0A3000027068D00FFCD20048D00FFB78D00FFEC20B6AE0001CF05A3AE0001CF05B9
S123FCC0A5AE0001CF05A75FCF0572209E8D00DB8FA3000027305FCF05C9CE05A5270CAEA8
S123FCE00001CF05A15FCF057220808D00DB51A3000027068D00FFCD20048D00FFC28D0064
S123FD00FFECAC00FC6B8D00DB93A300002604AC00FC6B5FCF05C9AC00FC6B8D00DB51A39B
S123FD20000027108D00DB5DA300002607AE00018D00F4898D010A66A101262BCE05B1A322
S123FD40000126068D00FFEC201D8D00DB51A3000027108D00DB5DA300002607AE00018D59
S123FD6000F4898D00FFD68D00FD6C87CE0172A30001260A725D0174260435010174CE0126
S123FD8072260BC60174A104260435050174CE0170A30001260A725D0175260435010175D5
S123FDA0CE0170260BC60175A104260435050175C601744D2604AC00FE3F4A271E4A272851
S123FDC04A274B4A27794A27504A275A4A27675F8D00F3FD5F8D00F4F92064AE00018D00A0
S123FDE0F4F93502017420578D00DB51A3000027108D00DB5DA300002607AE00018D00F497
S123FE0089AE00018D00F3FD3503017420315F8D00F4F9350401742026AE00018D00F4F935
S123FE203506017420195F8D00F3FD5F8D00F4893507017420095F8D00F4F9725F0174C6D1
S123FE4001754D2604AC00FECE4A271E4A27284A274B4A27794A27504A275A4A27675F8D1B
S123FE6000F4195F8D00F4F92064AE00018D00F4F93502017520578D00DB51A30000271034
S123FE808D00DB5DA300002607AE00018D00F489AE00018D00F4193503017520315F8D00DC
S123FEA0F4F9350401752026AE00018D00F4F93506017520195F8D00F4195F8D00F48935B2
S123FEC007017520095F8D00F4F9725F01758D00DB55A30000270CAE0001CF05858D00FF31
S123FEE0CD201CCE058527175FCF0585CE05A72708AE0001CF05B32006AE0001CF05B5CE9C
S123FF0005B327178D010A664D2610AE00018D00F5A5AE00018D00F5C5200A5F8D00F5A5EA
S123FF205F8D00F5C5CE05B527178D010A664D2610AE00018D00F5B5AE00018D00F5D520C4
S123FF400A5F8D00F5B55F8D00F5D587CE0583275DC60577A1792520C60577A17B24068D30
S123FF6000FFEC2013725F0577CE05A327068D00FFD620048D00FFE1CE034C2704725C0561
S123FF8077CE034A2728C60576A1B42406725C0576201B725F0577725F05765FCF0583CE1B
S123FFA005A327068D00FFD620048D00FFE187CE017287CE017087AE0001CF05B35FCF05F7
S123FFC0B5875FCF05B3AE0001CF05B5875FCF05B35FCF05B587AE0001CF01725FCF017057
S123FFE0875FCF0172AE0001CF0170875FCF01725FCF0170878D00DB55A300002604AC0161
S224010000007E8D00DB5DA3000027055F8D00F489CE017DA30014240DCE017D1C0001CF01F2
S2240100207DAC0100FCAE0001CF0587AE00018D00F4DD5F8D00C4CA5F8D00F5B55F8D00F58C
S224010040D55F8D00F5A55F8D00F5C55F8D00F5655F8D00F45172120177CE034C2712AE0022
S224010060018D00F585AE00018D00F435AC0100FC5F8D00F5855F8D00F435AC0100FCCE056D
S2240100808727365FCF05875FCF017D5F8D00F4895F8D00F4DD8D010A3B97A620428D00C427
S2240100A0CACE05AD2613CE05A72708AE0001CF05B32006AE0001CF05B58D00E68DA30000D7
S2240100C0271EAE00018D00F5855F8D00F565AE00018D00F4355F8D00F45172120177201C0B
S2240100E0AE00018D00F5655F8D00F585AE00018D00F4515F8D00F43572130177725D057E19
S224010100273ECE05B1271472100177AE00018D00F575AE00018D00F595203372110177CE33
S22401012003562710AE00018D00F575AE00018D00F595201A5F8D00F5755F8D00F595200E89
S224010140721101775F8D00F5755F8D00F5958D00DB55A30000270B721501775F8D00F46DF4
S224010160204ACE05A7270672140177200472150177CE05AD271CCE05AB27108D010A664D84
S2240101802609AE00018D00F46D20215F8D00F46D201ACE05A727108D010A664D2609AE00EC
S2240101A0018D00F46D20055F8D00F46D8D00E68DA300002606725D057E2717C60575A4FC99
S2240101C0C705758D00DB55A30000271F721001762028C60575A4FCC70575CE05A9270672B5
S2240101E010057520DE7212057520D872110176CE034C2706AE0001CF05938D00DB71A300A5
S22401020000270F8D00DB51A300002606721E01772004721F01778D00DB65A3000026128DB0
S22401022000DB61A3000026098D00DB6DA30000270F8D00DB51A300002606721C017720044A
S224010240721D01778D00DB59A30000270F8D00DB51A300002606721A01772004721B017742
S224010260CE0599A30001260E5FCF0599350A0178721201762010725D01782706725A0178CB
S224010280200472130176725D057E271ACE0179270FCE01791D0001CF017972160177201048
S2240102A072170177200AAE0BB8CF017972170177725D057E271ACE017B270FCE017B1D00D8
S2240102C001CF017B72190177201072180177200AAE0064CF017B721901778D0108DFA101F6
S2240102E027088D0108DFA108263C8D0108DFAE00014D2704584A26FC01C4017701C4017670
S22401030001A3000027075F8D00F5E52007AE00018D00F5E58D01090AA10127368D01090AC1
S224010320A108266A202C8D0108DFAE00014D2704584A26FC01C4017701C4017601A30000B5
S2240103402709AE00018D00F5E520C95F8D00F5E520C28D01090AAE00014D2704584A26FC34
S22401036001C4017701C4017601A3000027075F8D00F5F52007AE00018D00F5F58D0109353D
S224010380A10127368D010935A1082659202C8D01090AAE00014D2704584A26FC01C401774F
S2240103A001C4017601A300002709AE00018D00F5F520C95F8D00F5F520C28D010935AE00E6
S2240103C0014D2704584A26FC01C4017701C4017601A3000027075F8D00F6052007AE0001D2
S2240103E08D00F605878D010935AE00014D2704584A26FC01C4017701C4017601A3000027ED
S22401040009AE00018D00F60520DA5F8D00F60520D388C140002715A6018D00C2267B01AEB7
S22401042040008D015E97A6018D00C23C8487C640008788C140012715A6018D00C2267B01CB
S224010440AE40018D015E97A6018D00C23C8487C640018788C140022715A6018D00C2267BFB
S22401046001AE40028D015E97A6018D00C23C8487C640028788C140032715A6018D00C22652
S2240104807B01AE40038D015E97A6018D00C23C8487C640038788C140042715A6018D00C2DA
S2240104A0267B01AE40048D015E97A6018D00C23C8487C640048788C140052715A6018D0053
S2240104C0C2267B01AE40058D015E97A6018D00C23C8487C640058788C140062715A6018D6E
S2240104E000C2267B01AE40068D015E97A6018D00C23C8487C640068788C140072715A601D8
S2240105008D00C2267B01AE40078D015E97A6018D00C23C8487C6400787C640088788C1407D
S224010520082715A6018D00C2267B01AE40088D015E97A6018D00C23C8487C6400B8788C142
S224010540400B2715A6018D00C2267B01AE400B8D015E97A6018D00C23C848789C3400C27FE
S22401056023A6018D00C2261E0189AE400C8D015E81851E015389AE400E8D015E8185A60112
S2240105808D00C23C8587CE400C8788C14010271FA6018D00C2267B01AE40108D015E977BAA
S2240105A00143AE40118D015E97A6018D00C23C5F8D01055B8487C640108752048D010586D9
S2240105C01F018D0105FB72F0011F039C1E032C034F200A9C1E03A3111D2E05A6015B04872F
S2240105E09C1E03A319AB2E04A60220F19C1E03A322392E04A60320E54F20E28D0105B64A67
S22401060027084A27094A270A5F87AE111C87AE19AA87AE2238875F8788C14012271FA60173
S2240106208D00C2267B01AE40128D015E977B0143AE40138D015E97A6018D00C23C8487C6FA
S22401064040128788C14014271FA6018D00C2267B01AE40148D015E977B0143AE40158D016B
S2240106605E97A6018D00C23C848788C640146B017B015B0187CE05B12704AE05A087CE0579
S224010680952605CE05972704AE025887CE05A1271AC6403CC140142409C640148D010BF58F
S2240106A05887C6403C8D010BF55887C640148D010BF5588788C14016271FA6018D00C2261E
S2240106C07B01AE40168D015E977B0143AE40178D015E97A6018D00C23C8487C64016878862
S2240106E0C14018271FA6018D00C2267B01AE40188D015E977B0143AE40198D015E97A60184
S2240107008D00C23C8487C640188788C1401A271FA6018D00C2267B01AE401A8D015E977B11
S2240107200143AE401B8D015E97A6018D00C23C8487C6401A8788C1401C271FA6018D00C21E
S224010740267B01AE401C8D015E977B0143AE401D8D015E97A6018D00C23C8487C6401C8731
S22401076088C1401E271FA6018D00C2267B01AE401E8D015E977B0143AE401F8D015E97A66A
S224010780018D00C23C8487C6401E8788C14020271FA6018D00C2267B01AE40208D015E97F9
S2240107A07B0143AE40218D015E97A6018D00C23C8487C640208788C14022271FA6018D00D3
S2240107C0C2267B01AE40228D015E977B0143AE40238D015E97A6018D00C23C8487C6402264
S2240107E08788C14024271FA6018D00C2267B01AE40248D015E977B0143AE40258D015E97F7
S224010800A6018D00C23C8487C640248788C14026271FA6018D00C2267B01AE40268D015E57
S224010820977B0143AE40278D015E97A6018D00C23C8487C640268788C14028271FA6018DA9
S22401084000C2267B01AE40288D015E977B0143AE40298D015E97A6018D00C23C8487C640F9
S224010860288788C1402A271FA6018D00C2267B01AE402A8D015E977B0143AE402B8D015ED3
S22401088097A6018D00C23C8487C6402A8788C1402C271FA6018D00C2267B01AE402C8D018C
S2240108A05E977B0143AE402D8D015E97A6018D00C23C8487C6402C8788C1402E271FA60146
S2240108C08D00C2267B01AE402E8D015E977B0143AE402F8D015E97A6018D00C23C8487C620
S2240108E0402E8788C14030271FA6018D00C2267B01AE40308D015E977B0143AE40318D0159
S2240109005E97A6018D00C23C8487C640308788C14032271FA6018D00C2267B01AE40328D9C
S224010920015E977B0143AE40338D015E97A6018D00C23C8487C640328788C14034271FA6B3
S224010940018D00C2267B01AE40348D015E977B0143AE40358D015E97A6018D00C23C848758
S224010960C640348788C14036271FA6018D00C2267B01AE40368D015E977B0143AE40378DFB
S224010980015E97A6018D00C23C848788C14038271FA6018D00C2267B01AE40388D015E97D6
S2240109A07B0143AE40398D015E97A6018D00C23C848788C1403A271FA6018D00C2267B01EA
S2240109C0AE403A8D015E977B0143AE403B8D015E97A6018D00C23C8487C6403A8788C1406E
S2240109E03C271FA6018D00C2267B01AE403C8D015E977B0143AE403D8D015E97A6018D0089
S224010A00C23C8487C6403C8788C1403E272BA6018D00C2267B01AE403E8D015E977B0143DF
S224010A20AE403F8D015E97A6018D00C23C8D010A3B97A620428D00C4CA8487C6403E8788E3
S224010A40C14040271FA6018D00C2267B01AE40408D015E977B0143AE40418D015E97A601A8
S224010A608D00C23C8487C640408788C14044271FA6018D00C2267B01AE40448D015E977B32
S224010A800143AE40458D015E97A6018D00C23C8487C640448788C14042271FA6018D00C241
S224010AA0267B01AE40428D015E977B0143AE40438D015E97A6018D00C23C8487C64042875C
S224010AC088C14046271FA6018D00C2267B01AE40468D015E977B0143AE40478D015E97A68F
S224010AE0018D00C23C8487C640468788C14048271FA6018D00C2267B01AE40488D015E971E
S224010B007B0143AE40498D015E97A6018D00C23C8487C640488788C1404A271FA6018D00F7
S224010B20C2267B01AE404A8D015E977B0143AE404B8D015E97A6018D00C23C8487C6404A88
S224010B40878D0152074F8D01058AA6018D010618A61B8D0106434F8D0106B44F8D0106DF71
S224010B60A6018D01070AA6018D010735A6018D0107608D0152074F8D01078B4F8D0107B62C
S224010B804F8D0107E1A6018D01080C4F8D0108374F8D010862A6018D01088D4F8D0108B877
S224010BA08D015207A6018D0108E3A6028D01090EA6018D0109394F8D0109644F8D01098BA9
S224010BC04F8D0109B2A61B8D0109DDA6038D010A088D0152074F8D010A3F4F8D010AC0A69F
S224010BE0018D010AEB4F8D010B164F8D010A954F8D010A6A8788A12024448D015F470042F2
S224010C00004200420042004200420042004200420042004200480048004800480048005280
S224010C200052005200520052005200520052005D005D005D005D005D006800680068203116
S224010C407B015F9784877B015F97581D000A84877B0197A605421D003784877B0197A63CC1
S224010C60421D052884877B0197A678421D0BB884877B015F9784878D00C2E14B00AE014092
S224010C80894B005F8D00C37A5B044B004B554B004B225F894B44AE70118D00C39E5B074B0E
S224010CA0004B554B004B22AE0140894B44AE70118D00C3FB5B074B554B225F89AE70118D42
S224010CC000C4585B04A6018D00C49CA6018D00C4AA8D010A3B97A620428D00C4CA87874B77
S224010CE0E04B80AE500F8D00C24A85725F03C05FCF03BE5FCF03BC8D010E115FCF03BA5FB1
S224010D00CF03B8725F03B78D013FA18D01538E87CE03BCA3000126088D010E265FCF03BC46
S224010D20CE03B8A3000126048D010E6187520AA6018D015255A1022635CE03B82630A60215
S224010D406B01A6356B02A6306B030F040F050F060F070F08A6676B09A6036B0A961C0001DA
S224010D6089A60A8D0153D985A6018D0152195B0A874D270C4B80AE500F8D00C2AB84200A69
S224010D804B80AE500F8D00C2B284878889CE03BC264ECE03B82649A102260E725F03C05F95
S224010DA0CF03BE8D010E11200C7B03A1032606AE0001CF03BCC603C0A10A2424C603C05FD5
S224010DC0977B03D703C1C603C0A107240F7B035F971F01CE03BE72FB01CF03BE725C03C047
S224010DE05B03878D013FD887888D00C9496B017B015B0187CE03B826178D015731CF03BA82
S224010E00AE0001CF03B8725F03B7A6018D01521987880F017B015F97724F03C10C017B01C9
S224010E20A10A25F08487C603C1A1022633C603CAA103262CC603C2A1402625C603C3A1A14D
S224010E40261EC603BFA4FFC103C92614C603C8C103BE260CC603C48D01572D4F8D0152192A
S224010E6087521EA6036B038D015434A30000267AA6018D015255A1022670A6026B04A635FE
S224010E806B05A6266B060F1B0F1CA6036B1D7B06CB03B76B060F1E961C00041F017B035FC2
S224010EA01B1E24015C0272FB0189C603B797A6144272BB03BA011B2024015C02F685F70C3F
S224010EC01E7B1EA11425D0961C000489A61A8D0153D985725C03B7C603B7A104250C5FCF61
S224010EE003B8725F03B75FCF03BA5B1E87521E7B26A11924677B246B017B256B027B266B41
S224010F00030F1E201F961C00049F5E1B1E24015C02897B29977B2A1B2024015C02F6AA80A6
S224010F2085F70C1E7B1E112625DB961C0001BF04AE001D5A92D604885D26F88D01103D5BF5
S224010F401D6B1C961C0001BF04AE001D5A92D604885D26F88D0110955B1D6B1D1E22909644
S224010F6072A90001A61D8D0161D55B1E87521E7B24A11F24561E25E6016B011E25E6026B53
S224010F80027B24A0066B030F1E201D961C00049F5E1B1E24015C027B1E905F909772F9257E
S224010FA090E603A47FF70C1E7B1E110325DD7B245F971D000372FB25F6A47F6B1C7B245FDA
S224010FC0975A5A72FB25F6A47F6B1D1E22909672A90001A61D8D0161D55B1E87521E7B2673
S224010FE0A119251B0F020F030F040F1D0F1E1E22909672A90002A61D8D0161D55B1E877BDD
S224011000246B027B256B037B266B040F01201E961C00059F5E1B0124015C0289961C002916
S2240110209F5E1B0324015C02F685F70C017B01112625DC7B3F6B1D7B406B1E20B152037BB2
S224011040075F1B0824015C025C5C1F020F01202E961C000A9F5E1B0124015C02F61B036B70
S2240110600324020C029C1E028D016192AE80948D015F742F071E021DFFFF1F020C017B01B8
S224011080110925CC1E024F01485901A47F5F6B017B015B038752037B075F1B0824015C0202
S2240110A05C5C1F020F01202E961C000A9F5E1B0124015C02F61B036B0324020C029C1E0229
S2240110C08D016192AE80948D015F742F071E021DFFFF1F020C017B01110925CC7B03A47F9F
S2240110E06B017B015B03878852065F1F040F0620167B0B977B0C1B0624015C02F61B056BA7
S2240111000524020C040C069C7B075F971D00037B06905F909790BF07B3072CD51E044F012E
S224011120485901A47F5F6B017B05A47F6B027B075F971D000372FB0BF6A47F6B037B075F91
S224011140975A5A72FB0BF6A47F6B067B031101260B7B0611022605AE000120015F5B0787A4
S2240111608D0111748D01567287725D017F2704725A017F87898D0156991F018D01569D1E67
S22401118001A601E75990AE1174EF5A1E016F5C1E01A601E77690AE5A1AEF771E01A601E783
S2240111A00590AE1318EF068D0157645F4D2A01539758160189DE823B90FF851E01A601E768
S2240111C05690AE11D5EF571E01A601E70290AE1255EF038587898D01560F0F023532052ED0
S2240111E00C027B025F97A62ED7052E0C027B025F97A631D7052E0C027B025F97A62ED705F7
S2240112002E0C027B025F97A630D7052E8D010519A03240C7053E8D01042E6B017B01A12107
S2240112202504A6206B010F027B015F9758D680F5C705470C027B025F97898D01042E5F9754
S22401124058011B0424015C02D680F585D705478D010DF485875203725D017F2704AC011370
S22401126015725D057E27128D0157645F4D2A01539758DE82471F01202B8D00E68DA30000B1
S22401128027128D0157645F4D2A01539758DE82431F0120108D0157645F4D2A01539758DE7A
S2240112A0823F1F010F037B035F97897B03977B041B0524015C02F685D7054A0C037B03A132
S2240112C01425E38D00DB51A3000027128D0157645F4D2A01539758DE824F1F0120108D0168
S2240112E057645F4D2A01539758DE824B1F010F037B035F97897B03977B041B0524015C0203
S224011300F685D7055E0C037B03A11425E38D010DF43501017F5B0387898D0156991F018DEB
S22401132001569D1E01A601E75990AE1174EF5A1E016F5C8D0157645F4D2A0153975816013E
S22401134089DE813790FF851E01A601E70590AE1385EF061E01A601E70890AE280BEF091E9B
S22401136001A601E77090AE5918EF711E01A601E77390AE599EEF741E01A601E77690AE5AE6
S2240113801AEF778587898D0156991F018D01569D1E01A601E75990AE1318EF5A1E016F5C72
S2240113A08D0157645F4D2A01539758160189DE813B90FF851E01A601E70590AE151EEF065F
S2240113C01E01A601E70890AE15D0EF091E01A601E70B90AE1677EF0C1E01A601E70E90AEC0
S2240113E0172BEF0F1E01A601E71190AE17DFEF121E01A601E71490AE1893EF151E01A60140
S224011400E71790AE1947EF181E01A601E71A90AE19FBEF1B1E01A601E71D90AE1AAFEF1E22
S2240114201E01A601E72090AE1B63EF211E01A601E72390AE1C17EF241E01A601E72690AEA8
S2240114401CCBEF271E01A601E72990AE1D7FEF2A1E01A601E72C90AE1E33EF2D1E01A60176
S224011460E72F90AE1EE7EF301E01A601E73290AE1F9BEF331E01A601E73590AE204FEF3641
S2240114801E01A601E73890AE26A3EF391E01A601E73B90AE2757EF3C1E01A601E73E90AE3A
S2240114A02103EF3F1E01A601E74190AE21B7EF421E01A601E74490AE226BEF451E01A601E9
S2240114C0E74790AE231FEF481E01A601E74A90AE23D3EF4B1E01A601E74D90AE2487EF4E9C
S2240114E01E01A601E75090AE253BEF511E01A601E75390AE25EFEF541E01A601E77090AE1B
S2240115005918EF711E01A601E77390AE599EEF741E01A601E77690AE5A1AEF778587898DDF
S2240115200156991F018D01569D1E01A601E75990AE1385EF5A1E016F5C1E01A603E763A64D
S22401154000E762A600E761A600E7601E01A600E767A600E766A600E765A600E7641E01A6B3
S22401156001E76890AE0618EF691E01A601E76B90AE063FEF6C8D0157645F4D2A0153975809
S224011580160189DE814390EF6E858D0157645F4D2A01539758160189DE813F90FF851E01BE
S2240115A0A601E75690AE5845EF571E01A601E77090AE5769EF711E01A601E77390AE57B63A
S2240115C0EF741E01A601E77690AE57FFEF778587898D0156991F018D01569D1E01A601E725
S2240115E05990AE1385EF5A1E01A601E75C1E01A61FE763A600E762A600E761A600E7601E4E
S22401160001A600E767A600E766A600E765A600E7641E01A601E76890AE0643EF691E01A640
S22401162001E76B90AE066AEF6C8D0157645F4D2A01539758160189DE814B90EF6E851E010B
S22401164090AEB332FF1E01A601E75690AE5845EF571E01A601E77090AE57B6EF711E01A6B1
S22401166001E77390AE5769EF741E01A601E77690AE57FFEF778587898D0156991F018D01CB
S224011680569D1E01A601E75990AE1385EF5A1E01A602E75C1E01A618E763A600E762A60066
S2240116A0E761A600E7601E01A600E767A600E766A600E765A600E7641E01A601E76890AEB3
S2240116C006B4EF691E01A601E76B90AE06DBEF6C8D0157645F4D2A01539758160189DE81FF
S2240116E05390EF6E858D0157645F4D2A01539758160189DE814F90FF851E01A601E75690C8
S224011700AE5845EF571E01A601E77090AE57B6EF711E01A601E77390AE5769EF741E01A624
S22401172001E77690AE57FFEF778587898D0156991F018D01569D1E01A601E75990AE1385BC
S224011740EF5A1E01A603E75C1E01A61FE763A600E762A600E761A600E7601E01A600E76724
S224011760A600E766A600E765A600E7641E01A601E76890AE06DFEF691E01A601E76B90AEA7
S2240117800706EF6C8D0157645F4D2A01539758160189DE815B90EF6E858D0157645F4D2A8E
S2240117A001539758160189DE815790FF851E01A601E75690AE5845EF571E01A601E77090A5
S2240117C0AE57B6EF711E01A601E77390AE5769EF741E01A601E77690AE57FFEF77858789B5
S2240117E08D0156991F018D01569D1E01A601E75990AE1385EF5A1E01A604E75C1E01A602CD
S224011800E763A600E762A600E761A600E7601E01A601E767A600E766A600E765A600E764C4
S2240118201E01A601E76890AE070AEF691E01A601E76B90AE0731EF6C8D0157645F4D2A01DD
S224011840539758160189DE816B90EF6E858D0157645F4D2A01539758160189DE815F90FF15
S224011860851E01A601E75690AE5845EF571E01A601E77090AE5769EF711E01A601E773908E
S224011880AE57B6EF741E01A601E77690AE57FFEF778587898D0156991F018D01569D1E0135
S2240118A0A601E75990AE1385EF5A1E01A605E75C1E01A602E763A600E762A600E761A6007B
S2240118C0E7601E01A601E767A600E766A600E765A600E7641E01A601E76890AE0735EF69EA
S2240118E01E01A601E76B90AE075CEF6C8D0157645F4D2A01539758160189DE816B90EF6E15
S224011900858D0157645F4D2A01539758160189DE816390FF851E01A601E75690AE5845EF97
S224011920571E01A601E77090AE5769EF711E01A601E77390AE57B6EF741E01A601E776904E
S224011940AE57FFEF778587898D0156991F018D01569D1E01A601E75990AE1385EF5A1E0120
S224011960A606E75C1E01A602E763A600E762A600E761A600E7601E01A601E767A600E76690
S224011980A600E765A600E7641E01A601E76890AE0760EF691E01A601E76B90AE0787EF6C0D
S2240119A08D0157645F4D2A01539758160189DE816B90EF6E858D0157645F4D2A0153975881
S2240119C0160189DE816790FF851E01A601E75690AE5845EF571E01A601E77090AE5769EF59
S2240119E0711E01A601E77390AE57B6EF741E01A601E77690AE57FFEF778587898D01569973
S224011A001F018D01569D1E01A601E75990AE1385EF5A1E01A607E75C1E01A602E763A60034
S224011A20E762A600E761A600E7601E01A600E767A600E766A600E765A600E7641E01A601CD
S224011A40E76890AE078BEF691E01A601E76B90AE07B2EF6C8D0157645F4D2A015397581627
S224011A600189DE818790EF6E858D0157645F4D2A01539758160189DE816F90FF851E01A6D5
S224011A8001E75690AE5845EF571E01A601E77090AE5769EF711E01A601E77390AE57B6EF0C
S224011AA0741E01A601E77690AE57FFEF778587898D0156991F018D01569D1E01A601E759D6
S224011AC090AE1385EF5A1E01A608E75C1E01A602E763A600E762A600E761A600E7601E01D7
S224011AE0A600E767A600E766A600E765A600E7641E01A601E76890AE07B6EF691E01A601E8
S224011B00E76B90AE07DDEF6C8D0157645F4D2A01539758160189DE818790EF6E858D0157B1
S224011B20645F4D2A01539758160189DE817390FF851E01A601E75690AE5845EF571E01A6B3
S224011B4001E77090AE5769EF711E01A601E77390AE57B6EF741E01A601E77690AE57FFEF55
S224011B60778587898D0156991F018D01569D1E01A601E75990AE1385EF5A1E01A609E75CFF
S224011B801E01A602E763A600E762A600E761A600E7601E01A600E767A600E766A600E7656C
S224011BA0A600E7641E01A601E76890AE07E1EF691E01A601E76B90AE0808EF6C8D01576491
S224011BC05F4D2A01539758160189DE818790EF6E858D0157645F4D2A01539758160189DE0E
S224011BE0817790FF851E01A601E75690AE5845EF571E01A601E77090AE5769EF711E01A66F
S224011C0001E77390AE57B6EF741E01A601E77690AE57FFEF778587898D0156991F018D01D8
S224011C20569D1E01A601E75990AE1385EF5A1E01A60AE75C1E01A603E763A600E762A600CD
S224011C40E761A600E7601E01A600E767A600E766A600E765A600E7641E01A601E76890AE0D
S224011C60080CEF691E01A601E76B90AE0833EF6C8D0157645F4D2A01539758160189DE81A5
S224011C807F90EF6E858D0157645F4D2A01539758160189DE817B90FF851E01A601E75690CA
S224011CA0AE5845EF571E01A601E77090AE5769EF711E01A601E77390AE57B6EF741E01A67F
S224011CC001E77690AE57FFEF778587898D0156991F018D01569D1E01A601E75990AE138517
S224011CE0EF5A1E01A60BE75C1E01A602E763A600E762A600E761A600E7601E01A600E76794
S224011D00A600E766A600E765A600E7641E01A601E76890AE0837EF691E01A601E76B90AEA7
S224011D20085EEF6C8D0157645F4D2A01539758160189DE818790EF6E858D0157645F4D2A63
S224011D4001539758160189DE818390FF851E01A601E75690AE5845EF571E01A601E77090D3
S224011D60AE5769EF711E01A601E77390AE57B6EF741E01A601E77690AE57FFEF778587890F
S224011D808D0156991F018D01569D1E01A601E75990AE1385EF5A1E01A60CE75C1E01A60120
S224011DA0E763A600E762A600E761A600E7601E01A600E767A600E766A600E765A600E76420
S224011DC01E01A601E76890AE0862EF691E01A601E76B90AE0889EF6C8D0157645F4D2A0186
S224011DE0539758160189DE818F90EF6E858D0157645F4D2A01539758160189DE818B90FF20
S224011E00851E01A601E75690AE5845EF571E01A601E77090AE5769EF711E01A601E77390E8
S224011E20AE57B6EF741E01A601E77690AE57FFEF778587898D0156991F018D01569D1E018F
S224011E40A601E75990AE1385EF5A1E01A60DE75C1E01A601E763A600E762A600E761A600CE
S224011E60E7601E01A600E767A600E766A600E765A600E7641E01A601E76890AE088DEF69EC
S224011E801E01A601E76B90AE08B4EF6C8D0157645F4D2A01539758160189DE818F90EF6EF2
S224011EA0858D0157645F4D2A01539758160189DE819390FF851E01A601E75690AE5845EFC2
S224011EC0571E01A601E77090AE5769EF711E01A601E77390AE57B6EF741E01A601E77690A9
S224011EE0AE57FFEF778587898D0156991F018D01569D1E01A601E75990AE1385EF5A1E017B
S224011F00A60EE75C1E01A609E763A600E762A600E761A600E7601E01A600E767A600E766DC
S224011F20A600E765A600E7641E01A601E76890AE08B8EF691E01A601E76B90AE08DFEF6CB5
S224011F408D0157645F4D2A01539758160189DE81A390EF6E858D0157645F4D2A01539758A3
S224011F60160189DE819790FF851E01A601E75690AE5845EF571E01A601E77090AE5769EF83
S224011F80711E01A601E77390AE57B6EF741E01A601E77690AE57FFEF778587898D015699CD
S224011FA01F018D01569D1E01A601E75990AE1385EF5A1E01A60FE75C1E01A609E763A60080
S224011FC0E762A600E761A600E7601E01A600E767A600E766A600E765A600E7641E01A60128
S224011FE0E76890AE08E3EF691E01A601E76B90AE090AEF6C8D0157645F4D2A0153975816CF
S2240120000189DE81A390EF6E858D0157645F4D2A01539758160189DE819B90FF851E01A6E7
S22401202001E75690AE5845EF571E01A601E77090AE5769EF711E01A601E77390AE57B6EF66
S224012040741E01A601E77690AE57FFEF778587898D0156991F018D01569D1E01A601E75930
S22401206090AE1385EF5A1E01A610E75C1E01A609E763A600E762A600E761A600E7601E0122
S224012080A600E767A600E766A600E765A600E7641E01A601E76890AE090EEF691E01A601E8
S2240120A0E76B90AE0935EF6C8D0157645F4D2A01539758160189DE81A390EF6E858D015796
S2240120C0645F4D2A01539758160189DE819F90FF851E01A601E75690AE5845EF571E01A6E2
S2240120E001E77090AE5769EF711E01A601E77390AE57B6EF741E01A601E77690AE57FFEFB0
S224012100778587898D0156991F018D01569D1E01A601E75990AE1385EF5A1E01A613E75C4F
S2240121201E01A601E763A600E762A600E761A600E7601E01A600E767A600E766A600E765C7
S224012140A600E7641E01A601E76890AE0939EF691E01A601E76B90AE0960EF6C8D01576438
S2240121605F4D2A01539758160189DE818F90EF6E858D0157645F4D2A01539758160189DE60
S22401218081A790FF851E01A601E75690AE5845EF571E01A601E77090AE5769EF711E01A699
S2240121A001E77390AE57B6EF741E01A601E77690AE57FFEF778587898D0156991F018D0133
S2240121C0569D1E01A601E75990AE1385EF5A1E01A614E75C1E01A60AE763A600E762A60017
S2240121E0E761A600E7601E01A600E767A600E766A600E765A600E7641E01A601E76890AE68
S2240122000A08EF691E01A601E76B90AE0A3BEF6C8D0157645F4D2A01539758160189DE81F7
S224012220DF90EF6E858D0157645F4D2A01539758160189DE81AB90FF851E01A601E7569094
S224012240AE5845EF571E01A601E77090AE57B6EF711E01A601E77390AE5769EF741E01A6D9
S22401226001E77690AE57FFEF778587898D0156991F018D01569D1E01A601E75990AE138571
S224012280EF5A1E01A615E75C1E01A601E763A600E762A600E761A600E7601E01A600E767E5
S2240122A0A600E766A600E765A600E7641E01A601E76890AE0A3FEF691E01A601E76B90AEF8
S2240122C00A66EF6C8D0157645F4D2A01539758160189DE81B390EF6E858D0157645F4D2A88
S2240122E001539758160189DE81AF90FF851E01A601E75690AE5845EF571E01A601E7709002
S224012300AE5769EF711E01A601E77390AE57B6EF741E01A601E77690AE57FFEF7785878969
S2240123208D0156991F018D01569D1E01A601E75990AE1385EF5A1E01A616E75C1E01A6036E
S224012340E763A600E762A600E761A600E7601E01A600E767A600E766A600E765A600E7647A
S2240123601E01A601E76890AE0AC0EF691E01A601E76B90AE0AE7EF6C8D0157645F4D2A0120
S224012380539758160189DE81BB90EF6E858D0157645F4D2A01539758160189DE81B790FF22
S2240123A0851E01A601E75690AE5845EF571E01A601E77090AE5769EF711E01A601E7739043
S2240123C0AE57B6EF741E01A601E77690AE57FFEF778587898D0156991F018D01569D1E01EA
S2240123E0A601E75990AE1385EF5A1E01A617E75C1E01A601E763A600E762A600E761A6001F
S224012400E7601E01A600E767A600E766A600E765A600E7641E01A601E76890AE0AEBEF69E6
S2240124201E01A601E76B90AE0B12EF6C8D0157645F4D2A01539758160189DE81C390EF6EB7
S224012440858D0157645F4D2A01539758160189DE81BF90FF851E01A601E75690AE5845EFF0
S224012460571E01A601E77090AE5769EF711E01A601E77390AE57B6EF741E01A601E7769003
S224012480AE57FFEF778587898D0156991F018D01569D1E01A601E75990AE1385EF5A1E01D5
S2240124A0A618E75C1E01A604E763A600E762A600E761A600E7601E01A600E767A600E76632
S2240124C0A600E765A600E7641E01A601E76890AE0B16EF691E01A601E76B90AE0B3DEF6C4E
S2240124E08D0157645F4D2A01539758160189DE81CB90EF6E858D0157645F4D2A01539758D6
S224012500160189DE81C790FF851E01A601E75690AE5845EF571E01A601E77090AE5769EFAD
S224012520711E01A601E77390AE57B6EF741E01A601E77690AE57FFEF778587898D01569927
S2240125401F018D01569D1E01A601E75990AE1385EF5A1E01A619E75C1E01A601E763A600D8
S224012560E762A600E761A600E7601E01A600E767A600E766A600E765A600E7641E01A60182
S224012580E76890AE0A95EF691E01A601E76B90AE0ABCEF6C8D0157645F4D2A0153975816C2
S2240125A00189DE81D390EF6E858D0157645F4D2A01539758160189DE81CF90FF851E01A6DE
S2240125C001E75690AE5845EF571E01A601E77090AE5769EF711E01A601E77390AE57B6EFC1
S2240125E0741E01A601E77690AE57FFEF778587898D0156991F018D01569D1E01A601E7598B
S22401260090AE1385EF5A1E01A61AE75C1E01A601E763A600E762A600E761A600E7601E017A
S224012620A600E767A600E766A600E765A600E7641E01A601E76890AE0A6AEF691E01A601E5
S224012640E76B90AE0A91EF6C8D0157645F4D2A01539758160189DE81DB90EF6E858D01575B
S224012660645F4D2A01539758160189DE81D790FF851E01A601E75690AE5845EF571E01A604
S22401268001E77090AE5769EF711E01A601E77390AE57B6EF741E01A601E77690AE57FFEF0A
S2240126A0778587898D0156991F018D01569D1E01A601E75990AE1385EF5A1E01A611E75CAC
S2240126C01E01A601E763A600E762A600E761A600E7601E01A600E767A600E766A600E76522
S2240126E0A600E7641E01A601E76890AE09B2EF691E01A601E76B90AE09D9EF6C8D015764A1
S2240127005F4D2A01539758160189DE81F790EF6E858D0157645F4D2A01539758160189DE52
S22401272081F390FF851E01A601E75690AE5845EF571E01A601E77090AE5769EF711E01A6A7
S22401274001E77390AE57B6EF741E01A601E77690AE57FFEF778587898D0156991F018D018D
S224012760569D1E01A601E75990AE1385EF5A1E01A612E75C1E01A61FE763A600E762A6005E
S224012780E761A600E7601E01A600E767A600E766A600E765A600E7641E01A601E76890AEC2
S2240127A009DDEF691E01A601E76B90AE0A04EF6C8D0157645F4D2A01539758160189DE81B5
S2240127C04B90EF6E858D0157645F4D2A01539758160189DE81FB90FF851E01A601E7569033
S2240127E0AE5845EF571E01A601E77090AE57B6EF711E01A601E77390AE5769EF741E01A634
S22401280001E77690AE57FFEF778587898D0156991F018D01569D1E01A601E75990AE131838
S224012820EF5A1E01A601E75C8D0157645F4D2A01539758160189DE81FF90FF851E01A60106
S224012840E70590AE28E6EF061E01A601E70890AE2A5DEF091E01A601E70B90AE2B16EF0CA1
S2240128601E01A601E70E90AE2C8FEF0F1E01A601E71190AE2D48EF121E01A601E71490AE2F
S2240128802DFCEF151E01A601E71790AE3C0DEF181E01A601E71A90AE3CC6EF1B1E01A601DC
S2240128A0E71D90AE3D7FEF1E1E01A601E72090AE3E38EF211E01A601E72390AE3EEBEF242C
S2240128C01E01A601E77090AE5918EF711E01A601E77390AE599EEF741E01A601E77690AEAD
S2240128E05A1AEF778587898D0156991F018D01569D1E01A601E75990AE280BEF5A1E016FF7
S2240129005C8D0157645F4D2A01539758160189DE820390FF851E01A601E77090AE2969EF00
S224012920711E01A601E77390AE29A9EF741E01A601E75690AE2947EF571E01A601E77690E3
S224012940AE5A1AEF778587888D01560F0F017B015F97A620D7055E0C017B01A11425EF3559
S2240129601001808D0129A9848789725D0180260635100180202D725A0180AE0001C60180FA
S2240129804D2704584A26FC1F018D00E69101140201140101A30000260A725D018026D7354E
S2240129A01001808D0129E5858789725C0180C60180A1112504725F0180AE0001C601804D49
S2240129C02704584A26FC1F018D00E69101140201140101A300002607C60180A11026CB8D6A
S2240129E00129E5858752058D00E691A3000026128D0157645F4D2A01539758DE82571F0345
S224012A002035C60180A11026128D0157645F4D2A01539758DE825B1F03201C8D0157645F08
S224012A204D2A01539758DE82531F01C6018097A6144272FB011F030F057B055F97897B0506
S224012A40977B061B0724015C02F685D7054A0C057B05A11425E38D010DF45B0587898D0137
S224012A6056991F018D01569D1E01A601E75990AE280BEF5A1E01A601E75C1E01A601E763E7
S224012A80A600E762A600E761A600E7601E01A600E767A600E766A600E765A600E7641E015E
S224012AA0A601E76B90AE3F9FEF6C8D0157645F4D2A01539758160189DE822B90EF6E858D14
S224012AC00157645F4D2A01539758160189DE820790FF851E01A601E75690AE5845EF571EBE
S224012AE001A601E77090AE5769EF711E01A601E77390AE57B6EF741E01A601E77690AE2B19
S224012B0005EF7785878D015754A10126048D00E6958D0154C687898D0156991F018D0156F2
S224012B209D1E01A601E75990AE280BEF5A1E01A602E75C8D0157645F4D2A015397581601AF
S224012B4089DE820B90FF851E01A601E77090AE2B9BEF711E01A601E77390AE2BDBEF741E01
S224012B6001A601E75690AE2B79EF571E01A601E77690AE5A1AEF778587888D01560F0F0170
S224012B807B015F97A620D7055E0C017B01A11425EF351001818D012BDB848789725D01812B
S224012BA0260635100181202D725A0181AE0001C601814D2704584A26FC1F018D00D30901C4
S224012BC0140201140101A30000260A725D018126D7351001818D012C17858789725C018124
S224012BE0C60181A1112504725F0181AE0001C601814D2704584A26FC1F018D00D309011488
S224012C000201140101A300002607C60181A11026CB8D012C17858752058D00D309A300009B
S224012C2026128D0157645F4D2A01539758DE825F1F032035C60181A11026128D0157645FE5
S224012C404D2A01539758DE825B1F03201C8D0157645F4D2A01539758DE82631F01C601810E
S224012C6097A6144272FB011F030F057B055F97897B05977B061B0724015C02F685D7054A3A
S224012C800C057B05A11425E38D010DF45B0587898D0156991F018D01569D1E01A601E759BD
S224012CA090AE280BEF5A1E01A603E75C1E01A601E763A600E762A600E761A600E7601E0150
S224012CC0A600E767A600E766A600E765A600E7641E01A601E76B90AE3F9FEF6C8D0157644C
S224012CE05F4D2A01539758160189DE822B90EF6E858D0157645F4D2A01539758160189DE38
S224012D00820F90FF851E01A601E75690AE5845EF571E01A601E77090AE5769EF711E01A6A4
S224012D2001E77390AE57B6EF741E01A601E77690AE2D37EF7785878D015754A10126048DBB
S224012D4000D30D8D0154C687898D0156991F018D01569D1E01A601E75990AE280BEF5A1ED9
S224012D6001A604E75C1E01A603E763A600E762A600E761A600E7601E01A600E767A600E7E3
S224012D8066A600E765A600E7641E01A601E76890AE058AEF691E01A601E76B90AE05BAEFA6
S224012DA06C8D0157645F4D2A01539758160189DE821790EF6E858D0157645F4D2A015397AC
S224012DC058160189DE821390FF851E01A601E75690AE5845EF571E01A601E77090AE57692F
S224012DE0EF711E01A601E77390AE57B6EF741E01A601E77690AE57FFEF778587898D015609
S224012E00991F018D01569D1E01A601E75990AE280BEF5A1E01A605E75C8D0157645F4D2A86
S224012E2001539758160189DE821B90FF851E01A601E75690AE2E6BEF571E01A601E770904D
S224012E40AE2E9AEF711E01A601E77390AE2EAFEF741E01A601E77690AE5A1AEF771E01A6F8
S224012E6001E70290AE2EC3EF038587888D01560F0F017B015F97A620D7054A7B015F97A634
S224012E8020D7055E0C017B01A11425E6725F01828D012ED68D010DF48487725D018226068B
S224012EA0350B01822004725A01828D012ED687725C0182C60182A10C2504725F01828D016B
S224012EC02ED687725D017F260C8D012ED68D010DF43501017F87C60182A10C241C8D015F5F
S224012EE047001A00200026002C00320038003E0044004A00500056005C20468D012F42203C
S224012F00408D01300A203A8D0130D620348D0131A2202E8D01326E20288D0133BB20228DF1
S224012F20013517201C8D01367320168D0137BD20108D013919200A8D013A7520048D013BAF
S224012F40418752068D0157645F4D2A01539758DE82671F020F067B065F97897B04977B0556
S224012F601B0824015C02F685D705367B065F97A620D7054A7B065F97A620D7055E0C067BB1
S224012F8006A11425D14F8D00CB801F04A6026B011E04A3000A25020C011E04A300642502C9
S224012FA00C011E04A303E825020C017B01970A019F5F97A65DD7054A7B016B0620351E04DA
S224012FC0A60A621F027B065F977B0390AE000A9042909F100540AB30D7054A1E021F041EC3
S224012FE004260E0A067B065F97A65BD7054A5B06870A069C7B015F971D00047B06905F90BE
S2240130009790BF07B3072FB620D952068D0157645F4D2A01539758DE82671C00141F020F44
S224013020067B065F97897B04977B051B0824015C02F685D705367B065F97A620D7054A7BDD
S224013040065F97A620D7055E0C067B06A11425D1A6018D00CB801F04A6026B011E04A300B5
S2240130600A25020C011E04A3006425020C011E04A303E825020C017B01970A019F5F97A672
S2240130805DD7054A7B016B0620351E04A60A621F027B065F977B0390AE000A9042909F10C2
S2240130A00540AB30D7054A1E021F041E04260E0A067B065F97A65BD7054A5B06870A069CE9
S2240130C07B015F971D00047B06905F909790BF07B3072FB620D952068D0157645F4D2A015A
S2240130E0539758DE82671C00281F020F067B065F97897B04977B051B0824015C02F685D7B9
S22401310005367B065F97A620D7054A7B065F97A620D7055E0C067B06A11425D1A6028D0021
S224013120CB801F04A6026B011E04A3000A25020C011E04A3006425020C011E04A303E825D2
S224013140020C017B01970A019F5F97A65DD7054A7B016B0620351E04A60A621F027B065F07
S224013160977B0390AE000A9042909F100540AB30D7054A1E021F041E04260E0A067B065F0C
S22401318097A65BD7054A5B06870A069C7B015F971D00047B06905F909790BF07B3072FB6B8
S2240131A020D952068D0157645F4D2A01539758DE82671C003C1F020F067B065F97897B0482
S2240131C0977B051B0824015C02F685D705367B065F97A620D7054A7B065F97A620D7055EC5
S2240131E00C067B06A11425D1A6038D00CB801F04A6026B011E04A3000A25020C011E04A30B
S224013200006425020C011E04A303E825020C017B01970A019F5F97A65DD7054A7B016B0663
S22401322020351E04A60A621F027B065F977B0390AE000A9042909F100540AB30D7054A1E2C
S224013240021F041E04260E0A067B065F97A65BD7054A5B06870A069C7B015F971D00047B9D
S22401326006905F909790BF07B3072FB620D952068D0157645F4D2A01539758DE82671C00A1
S224013280501F020F067B065F97897B04977B051B0824015C02F685D705367B065F97A6209C
S2240132A0D7054A7B065F97A620D7055E0C067B06A11425D1A6048D00CBAF1D01111F04A684
S2240132C0026B011E04A3000A25020C011E04A3006425020C017B01970A019F5F97A643D7A7
S2240132E0054A7B01970A019F5F97A6D2D7054A7B016B06203E1E04A60A621F027B065F9711
S2240133007B0390AE000A9042909F100540AB30D7054A1E021F041E042617A6048D00CB8066
S2240133201F04A6076B011E04A3000A251D0C0120190A069C7B015F971D00037B06905F90B6
S2240133409790BF07B3072FAD20D01E04A3006425020C011E04A303E825020C017B01970A96
S224013360019F5F97A65DD7054A7B016B0620351E04A60A621F027B065F977B0390AE000AB4
S2240133809042909F100540AB30D7054A1E021F041E04260E0A067B065F97A65BD7054A5B2E
S2240133A006870A069C7B015F971D00047B06905F909790BF07B3072FB620D952068D015779
S2240133C0645F4D2A01539758DE82671C00641F020F067B065F97897B04977B051B0824010F
S2240133E05C02F685D705367B065F97A620D7054A7B065F97A620D7055E0C067B06A1142595
S224013400D1A6058D00CBAF1F04A6026B011E04A3000A25020C011E04A3006425020C011E6E
S22401342004A303E825020C011E04A3271025020C017B01970A019F5F97A656D7054A7B013F
S224013440970A019F5F97A66DD7054A7B016B06203E1E04A60A621F027B065F977B0390AE23
S224013460000A9042909F100540AB30D7054A1E021F041E042617A6058D00CB801F04A60AED
S2240134806B011E04A3000A251D0C0120190A069C7B015F971D00057B06905F909790BF0736
S2240134A0B3072FAD20D01E04A3006425020C011E04A303E825020C017B01970A019F5F978C
S2240134C0A65DD7054A7B016B0620351E04A60A621F027B065F977B0390AE000A9042909FE8
S2240134E0100540AB30D7054A1E021F041E04260E0A067B065F97A65BD7054A5B06870A0631
S2240135009C7B015F971D00047B06905F909790BF07B3072FB620D952068D0157645F4D2A7A
S22401352001539758DE82671C00781F020F067B065F97897B04977B051B0824015C02F685FA
S224013540D705367B065F97A620D7054A7B065F97A620D7055E0C067B06A11425D1A6068D02
S22401356000CBAF1F04A6026B011E04A3000A25020C011E04A3006425020C011E04A303E884
S22401358025020C011E04A3271025020C017B01970A019F5F97A656D7054A7B01970A019F2F
S2240135A05F97A66DD7054A7B016B06203E1E04A60A621F027B065F977B0390AE000A904227
S2240135C0909F100540AB30D7054A1E021F041E042617A6068D00CB801F04A60A6B011E04D9
S2240135E0A3000A251D0C0120190A069C7B015F971D00057B06905F909790BF07B3072FADCD
S22401360020D01E04A3006425020C011E04A303E825020C017B01970A019F5F97A65DD705E1
S2240136204A7B016B0620351E04A60A621F027B065F977B0390AE000A9042909F100540AB65
S22401364030D7054A1E021F041E04260E0A067B065F97A65BD7054A5B06870A069C7B015F58
S224013660971D00047B06905F909790BF07B3072FB620D952068D0157645F4D2A015397584D
S224013680DE82671C008C1F020F067B065F97897B04977B051B0824015C02F685D705367B3B
S2240136A0065F97A620D7054A7B065F97A620D7055E0C067B06A11425D1A6078D00CBAF1F94
S2240136C004A6026B011E04A3000A25020C011E04A3006425020C017B01970A019F5F97A613
S2240136E041D7054A7B01970A019F5F97A66DD7054A7B016B06203E1E04A60A621F027B0650
S2240137005F977B0390AE000A9042909F100540AB30D7054A1E021F041E042617A6078D00B4
S224013720CB801F04A6086B011E04A3000A251D0C0120190A069C7B015F971D00037B069055
S2240137405F909790BF07B3072FAD20D01E04A3006425020C011E04A303E825020C017B0144
S224013760970A019F5F97A65DD7054A7B016B0620351E04A60A621F027B065F977B0390AE19
S224013780000A9042909F100540AB30D7054A1E021F041E04260E0A067B065F97A65BD705C5
S2240137A04A5B06870A069C7B015F971D00047B06905F909790BF07B3072FB620D952068D28
S2240137C00157645F4D2A01539758DE82671C00A01F020F067B065F97897B04977B051B089C
S2240137E024015C02F685D705367B065F97A620D7054A7B065F97A620D7055E0C067B06A1A5
S2240138001425D1A6088D00CBAF1F04A6026B011E04A3000A25020C011E04A3006425020C4D
S224013820011E04A303E825020C011E04A3271025020C017B01970A019F5F97A656D7054A98
S2240138407B01970A019F5F97A66DD7054A7B016B06203E1E04A60A621F027B065F977B03E1
S22401386090AE000A9042909F100540AB30D7054A1E021F041E042617A6088D00CB801F0458
S224013880A60A6B011E04A3000A251D0C0120190A069C7B015F971D00057B06905F90979048
S2240138A0BF07B3072FAD20D01E04A3006425020C011E04A303E825020C017B01970A019FB8
S2240138C05F97A65DD7054A7B016B0620351E04A60A621F027B065F977B0390AE000A90421D
S2240138E0909F100540AB30D7054A1E021F041E04260E0A067B065F97A65BD7054A5B06870E
S2240139000A069C7B015F971D00047B06905F909790BF07B3072FB620D952068D0157645FDD
S2240139204D2A01539758DE82671C00B41F020F067B065F97897B04977B051B0824015C02BE
S224013940F685D705367B065F97A620D7054A7B065F97A620D7055E0C067B06A11425D1A616
S224013960098D00CBAF1F04A6026B011E04A3000A25020C011E04A3006425020C011E04A3D5
S22401398003E825020C011E04A3271025020C017B01970A019F5F97A656D7054A7B01970AE0
S2240139A0019F5F97A66DD7054A7B016B06203E1E04A60A621F027B065F977B0390AE000A55
S2240139C09042909F100540AB30D7054A1E021F041E042617A6098D00CB801F04A60A6B0122
S2240139E01E04A3000A251D0C0120190A069C7B015F971D00057B06905F909790BF07B30783
S224013A002FAD20D01E04A3006425020C011E04A303E825020C017B01970A019F5F97A65DDD
S224013A20D7054A7B016B0620351E04A60A621F027B065F977B0390AE000A9042909F100570
S224013A4040AB30D7054A1E021F041E04260E0A067B065F97A65BD7054A5B06870A069C7BC9
S224013A60015F971D00047B06905F909790BF07B3072FB620D952068D0157645F4D2A0153D8
S224013A809758DE82671C00C81F020F067B065F97897B04977B051B0824015C02F685D705BD
S224013AA0367B065F97A620D7054A7B065F97A620D7055E0C067B06A11425D1A60A8D00CBAA
S224013AC0801F04A6026B011E04A3000A25020C011E04A3006425020C011E04A303E82502F2
S224013AE00C017B01970A019F5F97A65DD7054A7B016B0620351E04A60A621F027B065F97C9
S224013B007B0390AE000A9042909F100540AB30D7054A1E021F041E04260E0A067B065F9762
S224013B20A65BD7054A5B06870A069C7B015F971D00047B06905F909790BF07B3072FB62085
S224013B40D952068D0157645F4D2A01539758DE82671C00DC1F020F067B065F97897B0497C1
S224013B607B051B0824015C02F685D705367B065F97A620D7054A7B065F97A620D7055E0CA6
S224013B80067B06A11425D1A60B8D00CB801F04A6026B011E04A3000A25020C011E04A30065
S224013BA06425020C011E04A303E825020C017B01970A019F5F97A65DD7054A7B016B06209A
S224013BC0351E04A60A621F027B065F977B0390AE000A9042909F100540AB30D7054A1E02A1
S224013BE01F041E04260E0A067B065F97A65BD7054A5B06870A069C7B015F971D00047B06F0
S224013C00905F909790BF07B3072FB620D9898D0156991F018D01569D1E01A601E75990AEAF
S224013C20280BEF5A1E01A606E75C1E01A601E763A600E762A600E761A600E7601E01A60055
S224013C40E767A600E766A600E765A600E7641E01A601E76B90AE3F9FEF6C8D0157645F4DB6
S224013C602A01539758160189DE822B90EF6E858D0157645F4D2A01539758160189DE821FB3
S224013C8090FF851E01A601E75690AE5845EF571E01A601E77090AE5769EF711E01A601E7BE
S224013CA07390AE57B6EF741E01A601E77690AE3CB5EF7785878D015754A10126048D00DBAC
S224013CC0C78D0154C687898D0156991F018D01569D1E01A601E75990AE280BEF5A1E01A6BC
S224013CE007E75C1E01A601E763A600E762A600E761A600E7601E01A600E767A600E766A6EE
S224013D0000E765A600E7641E01A601E76B90AE3F9FEF6C8D0157645F4D2A01539758160158
S224013D2089DE822B90EF6E858D0157645F4D2A01539758160189DE822390FF851E01A60198
S224013D40E75690AE5845EF571E01A601E77090AE5769EF711E01A601E77390AE57B6EF74B6
S224013D601E01A601E77690AE3D6EEF7785878D015754A10126048D00E0508D0154C6878945
S224013D808D0156991F018D01569D1E01A601E75990AE280BEF5A1E01A608E75C1E01A60169
S224013DA0E763A600E762A600E761A600E7601E01A600E767A600E766A600E765A600E76400
S224013DC01E01A601E76B90AE3F9FEF6C8D0157645F4D2A01539758160189DE822B90EF6ED4
S224013DE0858D0157645F4D2A01539758160189DE822790FF851E01A601E75690AE5845EFCE
S224013E00571E01A601E77090AE5769EF711E01A601E77390AE57B6EF741E01A601E7769049
S224013E20AE3E27EF7785878D015754A10126048D010B418D0154C687898D0156991F018D36
S224013E4001569D1E01A601E75990AE280BEF5A1E01A609E75C8D0157645F4D2A0153975835
S224013E60160189DE822F90FF851E01A601E75690AE3E77EF578587898D01560F0F023532BD
S224013E8005510C027B025F97A62ED705510C027B025F97A631D705510C027B025F97A62E6A
S224013EA0D705510C027B025F97A630D705518D01042E6B017B01A1212504A6206B010F0275
S224013EC07B015F9758D680F5C705650C027B025F97897B035F9758011B0424015C02D680C7
S224013EE0F585D705658D010DF48587898D0156991F018D01569D1E01A601E75990AE280B48
S224013F00EF5A1E01A60AE75C1E01A601E763A600E762A600E761A600E7601E01A600E76753
S224013F20A600E766A600E765A600E7641E01A601E76890AE053EEF691E01A601E76B90AE61
S224013F40053AEF6C8D0157645F4D2A01539758160189DE823790EF6E858D0157645F4D2A97
S224013F6001539758160189DE823390FF851E01A601E75690AE5845EF571E01A601E77090E0
S224013F80AE5769EF711E01A601E77390AE57B6EF741E01A601E77690AE57FFEF7785874F07
S224013FA0878D00C7704B0C4B004B004B00AE4B0089AE0000898D00C7955B084B01AE025522
S224013FC08D00C8B784721D52404B01AE02668D00C8B784725F03CB878D00C94D878D015307
S224013FE0A0878D0153D0878D0143768D00C5214B0C4B804B044B004B101E0B891E0B898D9A
S22401400000C54E5B094B01AE02558D00C6A4844F8D01401587C7045487C6045487521E8D56
S224014020014358A300002604AC014115725F04187B24A11925055FAC014112C60418977254
S2240140405C04189F5F97A602D70436C6041897725C04189F5F977B22D70436C60418977203
S2240140605C04189F5F977B23D704360F1E2021C6041897725C04189F5F9789961C00279F17
S2240140805E1B2024015C02F6AA8085D704360C1E7B1E112425D9C6041897725C04189F5FF1
S2240140A0977B3DAA80D70436C6041897725C04189F5F977B3EAA80D70436C6041897725C3D
S2240140C004189F5F97A603D70436961C0022BF04AE001D5A92D604885D26F8AE0419898D63
S2240140E0010FDC5B1F8D0140194D2606A6C88D00E1B0725F04145FCF0416725F0415C60483
S224014100368D00C7194B01AE02778D00C6A484AE00015B1E875F20FA88521DC603CC4D27E0
S224014120124A27354A2604AC0141D0725F03CCAC0142457B1EA1022704AC014245725F034C
S224014140F5C603F597725C03F59F5F977B1ED703F6350103CCAC0142457B1EA1022622721C
S2240141605F03F5C603F597725C03F59F5F977B1ED703F6AE0001CF03D4725C03D3AC0142E1
S22401418045C603F5A11E2516725F03F5725F03CCAE0001CF03D1725C03D0AC0142457B1EF3
S2240141A0A1032614C603F597725C03F59F5F977B1ED703F6350203CC7B1EA1032712C603BD
S2240141C0F597725C03F59F5F977B1ED703F62075AE03F689C603F58D0110E75B02A3000081
S2240141E02751AE03F6893B03F5AE03D8898D010F6D5B05C603D8A1332643C603D9A1E1263A
S224014200048D00E69A8D0140194D260FAE00018D01435CAE0001CF03D62022AE03D8BF045D
S224014220AE001D5A92D604885D26F88D0143BE5B1D200AAE0001CF03CE725C03CD725F03F2
S224014240F5725F03CC5B1E878D014358A30000262D8D0140194D26268D00E1B44D261F72FE
S2240142605C0414C60414A103240DAE00018D01435C8D01427F2007AE00018D01435C8788D4
S2240142808D014358A300002604AC014355725F0418C6041BA11925035F8487C604189772D4
S2240142A05C04189F5F97A602D70436C6041897725C04189F5F97C60419D70436C6041897CD
S2240142C0725C04189F5F97C6041AD704360F01201CC6041897725C04189F5F977B01905FB5
S2240142E0909790D6041CAA80D704360C017B01C1041B25DDC6041897725C04189F5F97C6A7
S2240143000434AA80D70436C6041897725C04189F5F97C60435AA80D70436C6041897725CAB
S22401432004189F5F97A603D704368D0140194D2606A6C88D00E1B05FCF0416725F0415C628
S22401434004368D00C7194B01AE02778D00C6A484AE000184875F8487CE041687CF041687BF
S224014360C6041587C7041587C6041887C70418875F97D6043687895F1F011E01724F0436E8
S2240143801E011C00011F011E01A3001E25EC725F0418AE0001CF0416725F0415725F041472
S2240143A05FCF03D6725F03D35FCF03D4725F03D05FCF03D1725F03CD5FCF03CE85878D0065
S2240143C0E6B1A300002717961C0004BF04AE001D5A92D604885D26F88D00E6B55B1D875FCC
S2240143E0CF04655FCF04635FCF046135C8048535C8048487898D0145D16B01C604684D2786
S2240144000B4A2604AC014577AC0145CB8D00E68DA300002604AC0144B58D00DB59A300001A
S2240144202707AE21008D00F6328D00DB71A300002707AE22008D00F6328D00DB5DA300002D
S2240144402707AE23008D00F6328D00DB6DA300002707AE26008D00F6328D00DB69A30000FF
S2240144602707AE27008D00F6328D00DB61A300002711CE058D260CCE059D2607AE28008D48
S22401448000F6328D00DB65A300002711CE058D260CCE059D2607AE29008D00F6328D00DB23
S2240144A051A300002604AC01454FAE2A008D00F632AC01454FA6016B028D00DB75A3000035
S2240144C027098D00DB6DA3000027098D00DB79A300002712CE05C52709CE035627040F0216
S2240144E02004A6036B02CE05BF271B8D00DB61A300002612CE05BD2709CE035627040F02E1
S2240145002004A6046B02CE05C3271B8D00DB65A300002612CE05C12709CE035627040F02B3
S2240145202004A6056B028D00DB7DA300002704A6026B028D0151E8A30000270BCE03562787
S224014540067B02AA086B027B025F958D00F6327B01A10526763501046835010458AE46C8DF
S224014560CF0459AE00B4CF0482350504818D0147A9725F04872054725D0481271C0F018D11
S22401458000F3AAA300012604350504818D00F3AEA300012604350504817B015504580004FF
S2240145A0CE0459BF05928D00040D012706AE00B4CF04827B01A10626045FCF0482CE04829C
S2240145C02609725F04685F8D00F6328D00F65E8587880F018D00F3AAA300012630CE046575
S2240145E0260AAE0001CF0465725F04858D00F3AEA300002639C60485A1C82432C60485A116
S22401460097252BA6016B0135C8048520215FCF0461CE046527185FCF04658D00F3AEA30062
S22401462000260BC60485A1322404A6036B018D00F3AEA300012630CE0463260AAE0001CFD9
S2240146400463725F04848D00F3AAA300002639C60484A1C82432C60484A197252BA6046B70
S2240146600135C8048420215FCF0461CE046327185FCF04638D00F3AAA30000260BC6048485
S224014680A1322404A6026B018D00F3AAA3000126328D00F3AEA300012629C60485A1972512
S2240146A022C60484A197251BCE04612616AE0001CF0461725D04682606A6056B012004A672
S2240146C0066B017B015B018788898D0105194D2607AEBA761F012005AEBB001F017B034A58
S2240146E027654A27474A270B4A2604AC014777AC01477B725D04672706725A0467207C72FA
S2240147005F04672013C60467A12D2406725C04672006725F04672063C6046797A60342722A
S224014720FB01E605EA04EA0326DB204F725C0467C6046797A6034272FB01E602EA01FA26F4
S2240147403A725F04672034725F04555FCF0456C6046797A6034272FB01E602EA01FA271BA7
S224014760C6046797A6034272FB01F6B704EE01BF05928D000420048D0147A97B03A10127A2
S224014780258D0105194D2610C604675F97D6BA1A5F958D00F632200EC604675F97D6BA4818
S2240147A05F958D00F6325B0387725F0467874A273D4A27274A270B4A2604AC01483FAC018B
S2240147C0486AC60460C1045B2308725A0460AC01486A55045C0460AC01486A725C0460C6AD
S2240147E00460C1045C23F055045B0460207C35010458AE46C8CF0459C6045FCA045ECA04CA
S2240148005D2711C6046055045D0004CE045EBF05928D0004725F045D5FCF045EC60457CA55
S2240148200456CA0455270E5504550004CE0456BF05928D0004725F04555FCF0456202BC63C
S2240148400457CA0456CA0455270E5504550004CE0456BF05928D000435010458AE46C8CF9D
S2240148600459725F04555FCF0456C604605F958D00F632874A27334A271D4A27054A273D73
S224014880204DC60460C1045B2306725A0460203F55045C04602038725C0460C60460C10411
S2240148A05C232C55045B0460202535010458AE46C8CF0459C604608D01058A2012350104BD
S2240148C058AE46C8CF0459725F04555FCF0456C604605F958D00F6328735010458AE48E816
S2240148E0CF04593510046087894A2604AC0149734A27454A270B4A2604AC01498AAC0149D4
S22401490094725C0460C60460A1112504725F0460AE0001C604604D2704584A26FC1F018DCF
S22401492000E69101140201140101A300002665C60460A11026CB205C725D046026063510B2
S22401494004602050725A0460AE0001C604604D2704584A26FC1F018D00E6910114020114E8
S2240149600101A30000262D725D046026D7351004602021C60460A11026048D00E6953501DC
S2240149800458AE46C8CF0459200A35010458AE46C8CF04598D00E691A3000026043510040F
S2240149A060C60460A1102609AE10008D00F632202AC604604D271D4A27234A27294A272F41
S2240149C04A27354A273B4A27414A27474A274D4A27532007AE21008D00F6328587AE22000C
S2240149E08D00F63220F5AE23008D00F63220ECAE24008D00F63220E3AE25008D00F6322023
S224014A00DAAE26008D00F63220D1AE27008D00F63220C8AE28008D00F63220BFAE29008DFC
S224014A2000F63220B6AE2A008D00F63220AD20AB20A935010458AE4A41CF045935100460E4
S224014A4087894A2604AC014ACC4A27454A270B4A2604AC014AE3AC014AED725C0460C604A9
S224014A6060A1112504725F0460AE0001C604604D2704584A26FC1F018D00D309011402010A
S224014A80140101A300002665C60460A11026CB205C725D04602606351004602050725A043C
S224014AA060AE0001C604604D2704584A26FC1F018D00D30901140201140101A30000262DCE
S224014AC0725D046026D7351004602021C60460A11026048D00D30D35010458AE46C8CF0423
S224014AE059200A35010458AE46C8CF04598D00D309A30000260435100460C60460A11026D3
S224014B0009AE10008D00F6322018C604604D270B4A27114A27174A271D2007AE02008D0036
S224014B20F6328587AE03008D00F63220F5AE04008D00F63220ECAE05008D00F63220E320C2
S224014B40E120DF35010458AE47AECF0459725F04555FCF0456725F045B3503045C8D010600
S224014B603FC704603501045DAE0618CF045E8735010458AE4874CF0459725F04555FCF0426
S224014B8056725F045B3503045C8D0105BAC704608735010458AE47AECF0459725F04555F08
S224014BA0CF0456725F045B351F045C8D01066AC704603501045DAE0643CF045E8735010439
S224014BC058AE47AECF0459725F04555FCF0456725F045B3518045C8D0106DBC70460350149
S224014BE0045DAE06B4CF045E8735010458AE47AECF0459725F04555FCF0456725F045B35B6
S224014C001F045C8D010706C704603501045DAE06DFCF045E8735010458AE47AECF04597294
S224014C205F04555FCF04563501045B3502045C8D010731C704603501045DAE070ACF045E8A
S224014C408735010458AE47AECF0459725F04555FCF04563501045B3502045C8D01075CC7D0
S224014C6004603501045DAE0735CF045E8735010458AE47AECF0459725F04555FCF04563549
S224014C8001045B3502045C8D010787C704603501045DAE0760CF045E8735010458AE47AE37
S224014CA0CF0459725F04555FCF0456725F045B3502045C8D0107B2C704603501045DAE078B
S224014CC08BCF045E8735010458AE47AECF0459725F04555FCF0456725F045B3502045C8D24
S224014CE00107DDC704603501045DAE07B6CF045E8735010458AE47AECF0459725F04555FFA
S224014D00CF0456725F045B3502045C8D010808C704603501045DAE07E1CF045E87350104B5
S224014D2058AE47AECF0459725F04555FCF0456725F045B3503045C8D010833C704603501A2
S224014D40045DAE080CCF045E8735010458AE47AECF0459725F04555FCF0456725F045B35FA
S224014D6002045C8D01085EC704603501045DAE0837CF045E8735010458AE47AECF0459729D
S224014D805F04555FCF0456725F045B3501045C8D010889C704603501045DAE0862CF045EDD
S224014DA08735010458AE47AECF0459725F04555FCF0456725F045B3501045C8D0108B4C77C
S224014DC004603501045DAE088DCF045E8735010458AE47AECF0459725F04555FCF04567252
S224014DE05F045B3509045C8D0108DFC704603501045DAE08B8CF045E8735010458AE47AEBF
S224014E00CF0459725F04555FCF0456725F045B3509045C8D01090AC704603501045DAE08C7
S224014E20E3CF045E8735010458AE47AECF0459725F04555FCF0456725F045B3509045C8D63
S224014E40010935C704603501045DAE090ECF045E8735010458AE47AECF0459725F04555FE4
S224014E60CF0456725F045B3501045C8D010960C704603501045DAE0939CF045E87350104A2
S224014E8058AE47AECF0459725F04555FCF0456725F045B350A045C8D010A3BC70460350130
S224014EA0045DAE0A08CF045E8735010458AE47AECF0459725F04555FCF0456725F045B359B
S224014EC001045C8D010A66C704603501045DAE0A3FCF045E8735010458AE47AECF04597229
S224014EE05F04555FCF0456725F045B3503045C8D010AE7C704603501045DAE0AC0CF045EBA
S224014F008735010458AE47AECF0459725F04555FCF0456725F045B3501045C8D010B12C7B9
S224014F2004603501045DAE0AEBCF045E8735010458AE47AECF0459725F04555FCF04567290
S224014F405F045B3504045C8D010B3DC704603501045DAE0B16CF045E8735010458AE47AEA0
S224014F60CF0459725F04555FCF0456725F045B3501045C8D010ABCC704603501045DAE0AB9
S224014F8095CF045E8735010458AE47AECF0459725F04555FCF0456725F045B3501045C8D58
S224014FA0010A91C704603501045DAE0A6ACF045E8735010458AE50FCCF0459725F04555F72
S224014FC0CF0456725F04608735010458AE50B2CF0459725F04555FCF0456725F04608735D5
S224014FE0010458AE5146CF0459725F04555FCF0456725F04608735010458AE47AECF04590E
S224015000725F04555FCF0456725F045B3501045C8D0109D9C704603501045DAE09B2CF04A4
S2240150205E8735010458AE47AECF0459725F04555FCF0456725F045B351F045C8D010A04F2
S224015040C704603501045DAE09DDCF045E8735010458AE505DCF0459725F0460878888C691
S22401506004604D270A4A270D4A27100F01200EA6026B012008A6016B0120020F017B015FAF
S224015080958D00F6327B024A271C4A27084A27054A2713201B725C0460C60460A1032510D3
S2240150A0725F0460200A35010458AE46C8CF045985874A271D4A27084A27054A272A20329B
S2240150C0725D04602706725F04602026350104602020725D046027048D010B41350104584B
S2240150E0AE46C8CF0459200A35010458AE46C8CF0459C604605F958D00F632874A271D4AEC
S22401510027084A27054A272A2032725D04602706725F04602026350104602020725D04600F
S22401512027048D00E05035010458AE46C8CF0459200A35010458AE46C8CF0459C604605FDA
S224015140958D00F632874A271D4A27084A27054A272A2032725D04602706725F0460202633
S224015160350104602020725D046027048D00DBC735010458AE46C8CF0459200A350104588C
S224015180AE46C8CF0459C604605F958D00F63287AE0E10CF046987898D0105B64D26065F8E
S2240151A0CF018320328D0105861F018D0105FB13012208AE0001CF0183201C5FCF0183CE81
S2240151C004692613AE0E10CF04691E011C00011F011E018D01055B8587CE04692709CE0469
S2240151E0691D0001CF046987CE0183878D00C2DCA6558D00C2CBA6048D00C2CFA6C88D0083
S224015200C2D38D00C2D7878D00C2D7878D0152935FCF04795FCF0477874D27054A27102031
S2240152201AAE001E89AE04738D015A5985200CAE001489AE046F8D015A5985874D27054A66
S224015240270B2010AE04738D015A512007AE046F8D015A5187884D27074A270F0F012014B9
S224015260AE04738D015A846B012009AE046F8D015A846B017B015B0187895F1F01CE047957
S224015280A300012609AE00011F015FCF04791E015B0287AE04738D015A51AE046F8D015A51
S2240152A051AE046B8D015A5187AE046F8D015A65AE046B8D015A6587C60485A1C824047209
S2240152C05C0485C60484A1C82404725C0484725D04862704725A048687C6047EA101271C20
S2240152E0C6047EA1032715C6047EA105270EC6047EA1072707C6047EA1092606AE0001CFA3
S2240153000479AE0001CF0477725D04872704725A0487725D04812704725A048187AE0473B9
S2240153208D015A65CE04822709CE04821D0001CF04828787CE047B1C0001CF047B725C0437
S224015340808D0152A9C60480A10A2541725F04808D0152B8725C047FC6047FA10A252E72EC
S2240153605F047F8D0152D9725C047EC6047EA10A251B725F047E8D01531D725C047DC6049F
S2240153807DA13C2508725F047D8D015333874F8D010D71725F04A4725F04A55FCF04A287EA
S2240153A088C604A4C104A52416C604A45F97D604886B01725C04A47B018D010DE3200FA6D6
S2240153C0018D0152195FCF04A24F8D010D7184878D010DE88D010D8B878888CE04A2A3003C
S2240153E0012708A11B24041E06260220450F0120177B015F97897B08977B091B0324015C63
S22401540002F685D704880C017B01110225E3AE0001CF04A2A6018D010D717B02C704A572CC
S2240154205F04A4C604886B01725C04A47B018D010DE38587CE04A287CE0187A30001261DED
S224015440C604FECA04FDCA04FC270E5504FC0004CE04FDBF05928D00045FCF0187C6052103
S2240154604D2745A061270B4A27184A27254A2732204F5505160004CE0517BF05928D0004C4
S224015480203F5505190004CE051ABF05928D0004202F55051C0004CE051DBF05928D0004BC
S2240154A0201F8D0154C62019C604AACA04A9CA04A8270E5504A80004CE04A9BF05928D00CD
S2240154C004725F0521875203C605036B01C605046B02C605056B035505020520C60501CA24
S2240154E00500CA04FF270E5504FF0004CE0500BF05928D0004AE0001CF01874F8D01551F32
S2240155008D0156208D010DF47B031A021A01270C7B01B7041E02BF05928D00045B0387895E
S2240155204D270B4A276FA00D271DAC0155E18D0155E31F01AE0522891E0389A6508D015868
S224015540DC5B04AC0155E1AE052289AE053689A6148D0158DC5B04AE053689AE054A89A6DE
S224015560148D0158DC5B04AE054A89AE055E89A6148D0158DC5B04C6052097A6144272BB4A
S22401558004A61F01AE055E891E0389A6148D0158DC5B04204CAE055E89AE054A89A6148D49
S2240155A00158DC5B04AE054A89AE053689A6148D0158DC5B04AE053689AE052289A6148D67
S2240155C00158DC5B04C6052097A6144272BB04A61F01AE0522891E0389A6148D0158DC5BDD
S2240155E004858789CE04A61F01C60520A1042515C6052097A614421D003C72FB011F013510
S22401560003051F2005550520051F1E015B028735200535352005493520055D35200571875C
S2240156208D01560FC6051F4D270B4A270E4A27114A27142016352A05352010352A054920B6
S2240156400A352A055D2004352A057187725F05218D015672874F8D0152554A27054A2708B2
S224015660200F8D01543820094F8D01523C8D01116087AE0001CF0187725F0520725F051FD0
S2240156804F8D01551F8D015620C604FECA04FDCA04FC26048D010DF487AE04A68788CE01DC
S2240156A085CF04A6725F04A85FCF04A90F017B0197A60342724F04AB905FDF04AC0C017B0A
S2240156C001A11B25E9725F04FC5FCF04FD725F04FF5FCF0500725F0502725F05035FCF050E
S2240156E004AE0000CF0508AE0000CF0506AE0000CF050CAE0000CF050A725F050E5FCF055D
S2240157000F725F05115FCF05125FCF051435010516AE58DBCF051735010519AE58DBCF05DB
S2240157201A3501051CAE58DBCF051D8487C7052187AE052287887B0797A61442011B082460
S224015740015C021C0522891E07897B058D0158DC5B048487C6052087C6051F87C705208768
S224015760C7051F878D01053A8752078D0156991F058D0157546B070A079C7B07B703484F38
S224015780A200B702B701B700961C00018D0161161E051C00648D0160E0961C00018D015F70
S2240157A0742D061E05E6636B077B078D01575C8D0158815B078752078D0156991F058D01C3
S2240157C057546B070C079C7B07B7033F023F013F00961C00018D0161161E051C00608D0116
S2240157E060E0961C00018D015F742E061E05E6676B077B078D01575C8D0158815B0787899D
S2240158008D0156991F011E01E66AEA69EA68272F1E01E66DEA6CEA6B27258D0157541E01BA
S22401582088E668B704EE6984BF05928D00041E01E66BB704EE6CBF05928D0004C701898DC5
S224015840015881858752038D0156991F011E01E66DEA6CEA6B27121E01E66BB704EE6CBFD0
S22401586005928D00046B0320020F037B038D01575C7B03C701898D01560F8D0158815B0312
S224015880875203A60F6B038D0156991F014B054B02C601895F977B058D015E7316030190FA
S2240158A0EB6F0190E96E01897B078D0157355B044B054B038D0157545F977B058D015E736F
S2240158C016030190EB6F0190E96E01897B078D0157355B048D010DF45B03878788880F0136
S2240158E0201E7B015F4D2A01539772FB087B01905F4D2A029053909772F90690F6F70C01C9
S2240159009C7B015F4D2A0153977B02905F909790BF07B3072FCC858752048D0156991F010B
S2240159208D0157546B048D0157586B030A040A039C7B04A1002E4120020C047B045F4D2A41
S224015940015397A6038D015E7372FB01E60AEA09EA0826E57B048D01575C9C7B03A1002E57
S2240159602C9C7B04A1042F0A0F03A6018D01551F201B7B046B0320157B048D01575C9C7B0D
S22401598003A1002E080F03A6018D01551F7B038D0157608D0156208D010DF45B04875204DA
S2240159A08D0156991F018D0157546B038D0157586B040C030C047B035F4D2A015397A603EA
S2240159C08D015E7372FB01E607EA06EA0526234F8D01575C9C7B03A1052E040F04202A9C64
S2240159E07B04A1042F23A6036B04A60E8D01551F20177B038D01575C9C7B04A1042F0AA6C8
S224015A00036B04A60E8D01551F7B048D0157608D0156208D010DF45B0487898D0156991FF6
S224015A20018D01575497A6034272FB01E607EA06EA05271B8D01575497A6034272FB01E619
S224015A4005B704EE06BF05928D00048D0156728587905FFF905FEF0287898D015A511E010D
S224015A601606FF858789E601FA27179093FE1D000190FF1E01E601FA26081E0190AE0001F7
S224015A80EF02858789909390EE0290A300012604A60220091E01E601FA2704A60185874F7B
S224015AA020FB5206CE6402CF019BCE6400CF0199CE61E6CF0196CE61E4CF01943501019D6D
S224015AC0AE6400CF019E35010004AE64008D015EE7AE01A08D0161165501A10004CE01A261
S224015AE08D015EE7AE01908D0161165F1F05CE018E585F591F01CE018E58011A02011A018B
S224015B0001CF018EAE01908D0160E0A60310064848488D016107B603C70198C601985F9718
S224015B2001C8018F01C8018E01CF018ECE018EA3056526019D1E051C00011F059C1E05A35B
S224015B4000042FAA8E8D015B9B5F8D00F4C15F8D00F4DD8D0152078D0151978D00C9DC8DD6
S224015B6000F2CF8D010CDE8D0142488D010D108D0156558D015279A3000126048D010D2DFB
S224015B808D00E6B1A3000026CA8D00E1B88D00D3178D0143F48D00DBF420B88D00DBBA8D03
S224015BA000DBC78D015BF38D0151EC8D00E0978D0151908D00EEA48D010CDF8D01520C8D12
S224015BC001564C8D0111608D0143DF8D00F615AEE10089AE0000898D013FE75B048D00C91D
S224015BE0B38D010C778D00DBD68D00E3258D00D3169A875FCF05C95FCF05C75FCF05C55F24
S224015C00CF05C35FCF05C15FCF05BF5FCF05BD5FCF05BB5FCF05B95FCF05B75FCF05AF5F0C
S224015C20CF05AD5FCF05AB5FCF05A95FCF05A75FCF05A55FCF05A35FCF05A15FCF05B15F84
S224015C40CF059F5FCF059D5FCF059B5FCF05995FCF05975FCF05955FCF05935FCF05915FE6
S224015C60CF058F5FCF058D5FCF058B5FCF05895FCF05B55FCF05B35FCF05875FCF05855FE2
S224015C80CF05835FCF05815FCF057F725F057E725F057D725F057C725F057B725F057A7235
S224015CA05F0579725F0578725F0577725F05765FCF05745FCF057287808080808A84A4BFD6
S224015CC088863B0006BE04893B0009BE07894F8D00C127A60C8D00C217AE0C008D00C13A74
S224015CE085BF0732000985BF04320006808080808080808080808080808A84A4BF88863B5E
S224015D000006BE04893B0009BE0789898D0143606B020C027B028D0143706B017B028D0130
S224015D2043648D014368110223127B018D00C7194B01AE02778D00C6A484201E4B00AE0225
S224015D40778D00C6A4844F8D01436C8D014019A1012607AE00018D01435C5B0285BF073253
S224015D60000985BF04320006808A84A4BF88863B0006BE04893B0009BE0789BE0289BE0070
S224015D808988AE00208D00C71D4D270C8D00C7156B017B018D014118AE02558D00C76084B8
S224015DA085BF0085BF0285BF0732000985BF0432000680808A84A4BF88863B0006BE048942
S224015DC03B0009BE0789AE00408D00C9514D2708721D52408D013FDD85BF0732000985BF85
S224015DE004320006808A84A4BF88863B0006BE04893B0009BE0789AE00208D00C9514D275B
S224015E00048D013FE285BF0732000985BF04320006808A84A4BF88863B0006BE04893B00FD
S224015E2009BE0789BE0289BE00898D00BFE48D00CBE185BF0085BF0285BF0732000985BFB8
S224015E4004320006808A84A4BF88863B0006BE04893B0009BE07898D0153348D00E13AA680
S224015E60018D00C51C85BF0732000985BF0432000680808942BF04855E424F0272BB000472
S224015E80879FA40327184A27224A27307B04F77B055C7205505FFBF77205505FFB87909387
S224015EA01E04BF0093EE02BF02201E5A90931E04BF0193F6B700E603B703200D1D0002905B
S224015EC0931E04BF0293FEBF0093721C505B721D505CB600F7B601E701B602E702B603E762
S224015EE0037205505FFB87BF055F92AF0004B7005C92AF0004B7015C92AF0004B7025C9231
S224015F00AF0004B703BE0587884F5D2A024C50905D2A04AB029050654D27094424059050F1
S224015F2044250150848788BF05909F5E42BF04909EBE054272BB0004BF04909FBE053F065A
S224015F404272BB000584875F975832000432000532000692AF000490955C92AF0004909797
S224015F604F515D2A014A72BB0005B904BF05B70492AC0004B600F1261AB601E101260CB691
S224015F8002E1022606B603E10327089C2403A6FF87A601873F044D2A088D0160917210003E
S224015FA004B6002A088D0160B3721200049089F62667E601266390BE00271BE602272EB13C
S224015FC00022592606E603B101225190AE00204FE706E707205789EE0290BE025165BF02C7
S224015FE085EF06905FEF0490BF00908587E704E705E706E603906290BF009095B602909762
S224016000E60390629001B702B6039097E6039062E707909FB70390858790BE00EF0690BE96
S2240160200290BF0090AE00104FB702B703E705380339023901390069076906690549F12578
S22401604037261CE704E605E10125102614E606E1022508260CE607E003240AE6042019E764
S22401606004E607E003E707E606E202E706E605E201E705E604F23C03905A26B39085E70403
S22401608087EB03E70324096C0226056C0126017C877363016302600326096C0226056C016A
S2240160A026017C874D270B38033902390139004A26F5873300330133023003260A3C0226F9
S2240160C0063C0126023C0087B603E003B703B602E202B702B601E201B701B600F2B70087A9
S2240160E088F6B700E601B701E602B702E603B70384875204E60388E60288E60188F69688BD
S2240161008D015FAD5B08874D270B34003601360236034A26F58788B600F7B601E701B60222
S224016120E702B603E70384873580000420023F045D2A095072100004721200044D2A0540FA
S224016140901200046237042A065F972405508727015087899089909797B600429FB7009390
S224016160B6013F014272BB0000BF0093B6023F024272BB0001BF0124023C00B603933F0348
S2240161804272BB0002BF022405BE005CBF0090858587BF023F013F008788BF0490BF0790AC
S2240161A09F42BF02B60497B60742BF004D271097B605270B4272BB0001BF0124023C00B6D8
S2240161C004271097B608270B4272BB0001BF0124023C00848789B70490F6F75C905C3A0413
S2240161E026F68587FFFFFFFFFFFFFFFFFFFFFFFFFFFFFFFFFFFFFFFFFFFFFFFFFFFFFFFF8D
S22401640000008000000161E49867AAAAAAAAAAAAAAAAAAAAAAAAAAAAAAAAAAAAAAAAAAAA15
S224016420AAAAAAAAAAAAAAAAAAAAAAAAAAAAAAAAAAAAAAAAAAAAAAAAAAAAAAAAAAAAAAAA16
S224016440AAAAAAAAAAAAAAAAAAAAAAAAAAAAAAAAAAAAAAAAAAAAAAAAAAAAAAAAAAAAAAAAF6
S224016460AAAAAAAAAAAAAAAAAAAAAAAAAAAAAAAAAAAAAAAAAAAAAAAAAAAAAAAAAAAAAAAAD6
S804FFFFFFFE
